Season (sort),Season,Player,Team,Age,Height,Weight,COLLEGE,COUNTRY,DRAFT YEAR,DRAFT ROUND,DRAFT NUMBER
2025,2025-26,Dyson Daniels,ATL,23,6-7,199,None,Australia,2022,1,8
2025,2025-26,Jock Landale,ATL,30,6-11,255,St. Mary's,Australia,Undrafted,Undrafted,Undrafted
2025,2025-26,Josh Green,CHA,25,6-6,200,Arizona,Australia,2020,1,18
2025,2025-26,Josh Giddey,CHI,23,6-7,214,None,Australia,2021,1,6
2025,2025-26,Lachlan Olbrich,CHI,22,6-8,236,None,Australia,2025,2,55
2025,2025-26,Luke Travers,CLE,24,6-6,207,None,Australia,2022,2,56
2025,2025-26,Tyrese Proctor,CLE,22,6-4,185,Duke,Australia,2025,2,49
2025,2025-26,Johnny Furphy,IND,21,6-8,200,Kansas,Australia,2024,2,35
2025,2025-26,Joe Ingles,MIN,38,6-8,220,None,Australia,Undrafted,Undrafted,Undrafted
2025,2025-26,Rocco Zikarsky,MIN,19,7-3,227,None,Australia,2025,2,45
2025,2025-26,Jakob Poeltl,TOR,30,7-0,253,Utah,Austria,2016,1,9
2025,2025-26,Buddy Hield,ATL,33,6-4,220,Oklahoma,Bahamas,2016,1,6
2025,2025-26,Deandre Ayton,LAL,27,7-0,252,Arizona,Bahamas,2018,1,1
2025,2025-26,Ajay Mitchell,OKC,23,6-4,190,California-Santa Barbara,Belgium,2024,2,38
2025,2025-26,Toumani Camara,POR,25,6-7,230,Dayton,Belgium,2023,2,52
2025,2025-26,Karlo Matković,NOP,25,6-10,231,None,Bosnia and Herzegovina,2022,2,52
2025,2025-26,Jusuf Nurkić,UTA,31,6-11,290,None,Bosnia and Herzegovina,2014,1,16
2025,2025-26,Gui Santos,GSW,23,6-7,185,None,Brazil,2022,2,55
2025,2025-26,Christian Koloko,ATL,25,6-11,225,Arizona,Cameroon,2022,2,33
2025,2025-26,Pascal Siakam,IND,32,6-8,245,New Mexico State,Cameroon,2016,1,27
2025,2025-26,Yves Missi,NOP,21,6-11,235,Baylor,Cameroon,2024,1,21
2025,2025-26,Joel Embiid,PHI,32,7-0,270,Kansas,Cameroon,2014,1,3
2025,2025-26,Caleb Houstan,ATL,23,6-8,205,Michigan,Canada,2022,2,32
2025,2025-26,Nickeil Alexander-Walker,ATL,27,6-5,205,Virginia Tech,Canada,2019,1,17
2025,2025-26,Dalano Banton,BOS,26,6-8,203,Nebraska,Canada,2021,2,46
2025,2025-26,Leonard Miller,CHI,22,6-10,220,None,Canada,2023,2,33
2025,2025-26,Dwight Powell,DAL,34,6-10,240,Stanford,Canada,2014,2,45
2025,2025-26,Ryan Nembhard,DAL,23,5-11,180,Gonzaga,Canada,Undrafted,Undrafted,Undrafted
2025,2025-26,Jamal Murray,DEN,29,6-4,215,Kentucky,Canada,2016,1,7
2025,2025-26,Andrew Nembhard,IND,26,6-4,191,Gonzaga,Canada,2022,2,31
2025,2025-26,Bennedict Mathurin,LAC,23,6-5,210,Arizona,Canada,2022,1,6
2025,2025-26,Jahmyl Telfort,LAC,24,6-7,,None,Canada,Undrafted,Undrafted,Undrafted
2025,2025-26,Brandon Clarke,MEM,29,6-8,215,Gonzaga,Canada,2019,1,21
2025,2025-26,Olivier-Maxence Prosper,MEM,23,6-7,230,Marquette,Canada,2023,1,24
2025,2025-26,Zach Edey,MEM,23,7-3,305,Purdue,Canada,2024,1,9
2025,2025-26,Andrew Wiggins,MIA,31,6-6,197,Kansas,Canada,2014,1,1
2025,2025-26,Luguentz Dort,OKC,26,6-4,220,Arizona State,Canada,Undrafted,Undrafted,Undrafted
2025,2025-26,Shai Gilgeous-Alexander,OKC,27,6-6,195,Kentucky,Canada,2018,1,11
2025,2025-26,Dillon Brooks,PHX,30,6-7,225,Oregon,Canada,2017,2,45
2025,2025-26,Shaedon Sharpe,POR,22,6-5,210,Kentucky,Canada,2022,1,7
2025,2025-26,Emanuel Miller,SAS,25,6-5,215,TCU,Canada,Undrafted,Undrafted,Undrafted
2025,2025-26,Kelly Olynyk,SAS,34,7-0,240,Gonzaga,Canada,2013,1,13
2025,2025-26,A.J. Lawson,TOR,25,6-6,179,South Carolina,Canada,Undrafted,Undrafted,Undrafted
2025,2025-26,RJ Barrett,TOR,25,6-6,214,Duke,Canada,2019,1,3
2025,2025-26,Yang Hansen,POR,20,7-1,270,None,China,2025,1,16
2025,2025-26,Ivica Zubac,IND,29,7-0,240,None,Croatia,2016,2,32
2025,2025-26,Dario Saric,SAC,31,6-10,225,None,Croatia,2014,1,12
2025,2025-26,Vít Krejčí,POR,25,6-8,195,None,Czech Republic,2020,2,37
2025,2025-26,Al Horford,GSW,39,6-8,240,Florida,Dominican Republic,2007,1,3
2025,2025-26,David Jones Garcia,SAS,24,6-4,210,Memphis,Dominican Republic,Undrafted,Undrafted,Undrafted
2025,2025-26,Andersson Garcia,UTA,25,6-7,220,Texas A&M,Dominican Republic,Undrafted,Undrafted,Undrafted
2025,2025-26,Jonathan Kuminga,ATL,23,6-7,225,None,DRC,2021,1,7
2025,2025-26,Bismack Biyombo,SAS,33,6-8,255,None,DRC,2011,1,7
2025,2025-26,Oscar Tshiebwe,UTA,26,6-8,255,Kentucky,DRC,Undrafted,Undrafted,Undrafted
2025,2025-26,Lauri Markkanen,UTA,28,7-1,240,Arizona,Finland,2017,1,7
2025,2025-26,Zaccharie Risacher,ATL,20,6-8,200,None,France,2024,1,1
2025,2025-26,Nolan Traore,BKN,19,6-3,185,None,France,2025,1,19
2025,2025-26,Moussa Diabaté,CHA,24,6-10,210,Michigan,France,2022,2,43
2025,2025-26,Tidjane Salaün,CHA,20,6-10,207,None,France,2024,1,6
2025,2025-26,Guerschon Yabusele,CHI,30,6-7,265,None,France,2016,1,16
2025,2025-26,Noa Essengue,CHI,19,6-8,194,None,France,2025,1,12
2025,2025-26,Olivier Sarr,CLE,27,6-10,240,Kentucky,France,Undrafted,Undrafted,Undrafted
2025,2025-26,Nicolas Batum,LAC,37,6-7,230,None,France,2008,1,25
2025,2025-26,Adama Bal,MEM,22,6-7,190,Santa Clara,France,Undrafted,Undrafted,Undrafted
2025,2025-26,Rayan Rupert,MEM,21,6-7,205,None,France,2023,2,43
2025,2025-26,Ousmane Dieng,MIL,22,6-9,185,None,France,2022,1,11
2025,2025-26,Joan Beringer,MIN,19,6-11,230,None,France,2025,1,17
2025,2025-26,Rudy Gobert,MIN,33,7-1,258,None,France,2013,1,27
2025,2025-26,Mohamed Diawara,NYK,20,6-9,225,None,France,2025,2,51
2025,2025-26,Pacôme Dadiet,NYK,20,6-9,210,None,France,2024,1,25
2025,2025-26,Noah Penda,ORL,21,6-7,215,None,France,2025,2,32
2025,2025-26,Sidy Cissoko,POR,21,6-6,220,None,France,2023,2,44
2025,2025-26,Killian Hayes,SAC,24,6-4,195,None,France,2020,1,7
2025,2025-26,Maxime Raynaud,SAC,22,7-1,250,Stanford,France,2025,2,42
2025,2025-26,Victor Wembanyama,SAS,22,7-4,235,None,France,2023,1,1
2025,2025-26,Alex Sarr,WAS,20,7-0,205,None,France,2024,1,2
2025,2025-26,Bilal Coulibaly,WAS,21,6-7,195,None,France,2023,1,7
2025,2025-26,Goga Bitadze,ORL,26,6-11,250,None,Georgia,2019,1,18
2025,2025-26,Sandro Mamukelashvili,TOR,26,6-9,240,Seton Hall,Georgia,2021,2,54
2025,2025-26,Dennis Schröder,CLE,32,6-1,175,None,Germany,2013,1,17
2025,2025-26,Maxi Kleber,LAL,34,6-10,240,None,Germany,Undrafted,Undrafted,Undrafted
2025,2025-26,Ariel Hukporti,NYK,23,7-0,246,None,Germany,2024,2,58
2025,2025-26,Isaiah Hartenstein,OKC,27,7-0,250,None,Germany,2017,2,43
2025,2025-26,Franz Wagner,ORL,24,6-10,220,Michigan,Germany,2021,1,8
2025,2025-26,Moritz Wagner,ORL,28,6-11,245,Michigan,Germany,2018,1,25
2025,2025-26,Tristan da Silva,ORL,24,6-8,217,Colorado,Germany,2024,1,18
2025,2025-26,Alex Antetokounmpo,MIL,24,6-8,214,None,Greece,Undrafted,Undrafted,Undrafted
2025,2025-26,Giannis Antetokounmpo,MIL,31,6-11,243,None,Greece,2013,1,15
2025,2025-26,Thanasis Antetokounmpo,MIL,33,6-7,219,None,Greece,2014,2,51
2025,2025-26,Moussa Cisse,DAL,23,6-11,220,Memphis,Guinea,Undrafted,Undrafted,Undrafted
2025,2025-26,Skal Labissiere,WAS,30,6-10,235,Kentucky,Haiti,2016,1,28
2025,2025-26,Ben Saraf,BKN,19,6-6,200,None,Israel,2025,1,26
2025,2025-26,Deni Avdija,POR,25,6-8,228,None,Israel,2020,1,9
2025,2025-26,Simone Fontecchio,MIA,30,6-7,209,None,Italy,Undrafted,Undrafted,Undrafted
2025,2025-26,Tristan Vukcevic,WAS,23,7-0,220,None,Italy,2023,2,42
2025,2025-26,Nick Richards,CHI,28,6-11,245,Kentucky,Jamaica,2020,2,42
2025,2025-26,Yuki Kawamura,CHI,24,5-7,159,None,Japan,Undrafted,Undrafted,Undrafted
2025,2025-26,Rui Hachimura,LAL,28,6-8,230,Gonzaga,Japan,2019,1,9
2025,2025-26,Cam Thomas,MIL,24,6-3,210,Louisiana State,Japan,2021,1,27
2025,2025-26,Kristaps Porziņģis,GSW,30,7-2,240,None,Latvia,2015,1,4
2025,2025-26,Jonas Valančiūnas,DEN,33,6-11,265,None,Lithuania,2011,1,5
2025,2025-26,Kasparas Jakučionis,MIA,19,6-5,200,Illinois-Urbana-Champaign,Lithuania,2025,1,20
2025,2025-26,Domantas Sabonis,SAC,29,6-10,240,Gonzaga,Lithuania,2016,1,11
2025,2025-26,N'Faly Dante,ATL,24,6-11,230,Oregon,Mali,Undrafted,Undrafted,Undrafted
2025,2025-26,Nikola Vučević,BOS,35,6-9,265,Southern California,Montenegro,2011,1,16
2025,2025-26,Tristan Enaruna,CLE,24,6-7,220,Cleveland State,Netherlands,Undrafted,Undrafted,Undrafted
2025,2025-26,Malevy Leons,GSW,26,6-9,210,Bradley,Netherlands,Undrafted,Undrafted,Undrafted
2025,2025-26,Quinten Post,GSW,26,7-0,238,Boston College,Netherlands,2024,2,52
2025,2025-26,Steven Adams,HOU,32,6-11,265,Pittsburgh,New Zealand,2013,1,12
2025,2025-26,Norchad Omier,LAC,24,6-7,248,Miami,Nicaragua,Undrafted,Undrafted,Undrafted
2025,2025-26,Charles Bassey,BOS,25,6-10,230,Western Kentucky,Nigeria,2021,2,53
2025,2025-26,Josh Okogie,HOU,27,6-4,213,Georgia Tech,Nigeria,2018,1,20
2025,2025-26,Adem Bona,PHI,23,6-10,235,UCLA,Nigeria,2024,2,41
2025,2025-26,Precious Achiuwa,SAC,26,6-8,243,Memphis,Nigeria,2020,1,20
2025,2025-26,Jeremy Sochan,NYK,22,6-8,230,Baylor,Poland,2022,1,9
2025,2025-26,Neemias Queta,BOS,26,7-0,248,Utah State,Portugal,2021,2,39
2025,2025-26,Ethan Thompson,IND,26,6-4,195,Oregon State,Puerto Rico,Undrafted,Undrafted,Undrafted
2025,2025-26,Egor Dëmin,BKN,20,6-8,200,Brigham Young,Russia,2025,1,8
2025,2025-26,Vladislav Goldin,MIA,24,7-0,250,Michigan,Russia,Undrafted,Undrafted,Undrafted
2025,2025-26,Chris Boucher,BOS,33,6-8,200,Oregon,Saint Lucia,Undrafted,Undrafted,Undrafted
2025,2025-26,Mouhamed Gueye,ATL,23,6-11,210,Washington State,Senegal,2023,2,39
2025,2025-26,Nikola Jokić,DEN,31,6-11,284,None,Serbia,2014,2,41
2025,2025-26,Bogdan Bogdanović,LAC,33,6-5,225,None,Serbia,2014,1,27
2025,2025-26,Nikola Jović,MIA,22,6-10,205,None,Serbia,2022,1,27
2025,2025-26,Nikola Topić,OKC,20,6-6,200,None,Serbia,2024,1,12
2025,2025-26,Luka Dončić,LAL,27,6-8,230,None,Slovenia,2018,1,3
2025,2025-26,Khaman Maluach,PHX,19,7-1,250,Duke,South Sudan,2025,1,10
2025,2025-26,Duop Reath,POR,29,6-9,245,Louisiana State,South Sudan,Undrafted,Undrafted,Undrafted
2025,2025-26,Hugo González,BOS,20,6-6,200,None,Spain,2025,1,28
2025,2025-26,Santi Aldama,MEM,25,7-0,215,Loyola-Maryland,Spain,2021,1,30
2025,2025-26,Bobi Klintman,DET,23,6-9,225,None,Sweden,2024,2,37
2025,2025-26,Pelle Larsson,MIA,25,6-5,215,Arizona,Sweden,2024,2,44
2025,2025-26,Clint Capela,HOU,31,6-10,256,None,Switzerland,2014,1,25
2025,2025-26,Yanic Konan Niederhäuser,LAC,23,6-11,242,Penn State,Switzerland,2025,1,30
2025,2025-26,Kyshawn George,WAS,22,6-8,200,Miami,Switzerland,2024,1,24
2025,2025-26,Omer Yurtseven,GSW,27,6-11,275,Georgetown,Turkey,Undrafted,Undrafted,Undrafted
2025,2025-26,Alperen Sengun,HOU,23,6-11,243,None,Turkey,2021,1,16
2025,2025-26,Max Shulga,BOS,23,6-4,210,Virginia Commonwealth,Ukraine,2025,2,57
2025,2025-26,Svi Mykhailiuk,UTA,28,6-7,205,Kansas,Ukraine,2018,2,47
2025,2025-26,Amari Williams,BOS,24,6-11,250,Kentucky,United Kingdom,2025,2,46
2025,2025-26,Tosan Evbuomwan,CHA,25,6-8,217,Princeton,United Kingdom,Undrafted,Undrafted,Undrafted
2025,2025-26,OG Anunoby,NYK,28,6-7,240,Indiana,United Kingdom,2017,1,23
2024,2024-25,Bruno Fernando,TOR,26,6-9,240,Maryland,Angola,2019,2,34
2024,2024-25,Dyson Daniels,ATL,22,6-7,199,None,Australia,2022,1,8
2024,2024-25,Josh Green,CHA,24,6-5,200,Arizona,Australia,2020,1,18
2024,2024-25,Josh Giddey,CHI,22,6-8,216,None,Australia,2021,1,6
2024,2024-25,Luke Travers,CLE,23,6-7,207,None,Australia,2022,2,56
2024,2024-25,Dante Exum,DAL,29,6-5,214,None,Australia,2014,1,5
2024,2024-25,Kyrie Irving,DAL,33,6-2,195,Duke,Australia,2011,1,1
2024,2024-25,Jack McVeigh,HOU,29,6-8,215,Nebraska-Lincoln,Australia,Undrafted,Undrafted,Undrafted
2024,2024-25,Jock Landale,HOU,29,6-11,255,St. Mary's,Australia,Undrafted,Undrafted,Undrafted
2024,2024-25,Johnny Furphy,IND,20,6-9,200,Kansas,Australia,2024,2,35
2024,2024-25,Ben Simmons,LAC,28,6-10,240,Louisiana State,Australia,2016,1,1
2024,2024-25,Patty Mills,LAC,36,6-2,180,St. Mary's,Australia,2009,2,55
2024,2024-25,Joe Ingles,MIN,37,6-8,220,None,Australia,Undrafted,Undrafted,Undrafted
2024,2024-25,Alex Ducas,OKC,24,6-7,220,St. Mary's (CA),Australia,Undrafted,Undrafted,Undrafted
2024,2024-25,Jakob Poeltl,TOR,29,7-0,260,Utah,Austria,2016,1,9
2024,2024-25,Kai Jones,DAL,24,6-11,221,Texas,Bahamas,2021,1,19
2024,2024-25,Buddy Hield,GSW,32,6-4,220,Oklahoma,Bahamas,2016,1,6
2024,2024-25,Deandre Ayton,POR,26,7-0,252,Arizona,Bahamas,2018,1,1
2024,2024-25,Ajay Mitchell,OKC,23,6-5,190,California-Santa Barbara,Belgium,2024,2,38
2024,2024-25,Toumani Camara,POR,25,6-7,229,Dayton,Belgium,2023,2,52
2024,2024-25,Jusuf Nurkić,CHA,30,7-0,290,None,Bosnia and Herzegovina,2014,1,16
2024,2024-25,Karlo Matković,NOP,24,6-10,231,None,Bosnia and Herzegovina,2022,2,52
2024,2024-25,Gui Santos,GSW,23,6-6,185,None,Brazil,2022,2,55
2024,2024-25,Pascal Siakam,IND,31,6-8,245,New Mexico State,Cameroon,2016,1,27
2024,2024-25,Christian Koloko,LAL,25,7-0,225,Arizona,Cameroon,2022,2,33
2024,2024-25,Yves Missi,NOP,21,6-11,235,Baylor,Cameroon,2024,1,21
2024,2024-25,Joel Embiid,PHI,31,7-0,280,Kansas,Cameroon,2014,1,3
2024,2024-25,Ulrich Chomche,TOR,19,6-11,235,None,Cameroon,2024,2,57
2024,2024-25,Emanuel Miller,CHI,25,6-7,215,TCU,Canada,Undrafted,Undrafted,Undrafted
2024,2024-25,Tristan Thompson,CLE,34,6-9,254,Texas-Austin,Canada,2011,1,4
2024,2024-25,Dwight Powell,DAL,33,6-10,240,Stanford,Canada,2014,2,45
2024,2024-25,Olivier-Maxence Prosper,DAL,22,6-7,230,Marquette,Canada,2023,1,24
2024,2024-25,Jamal Murray,DEN,28,6-4,215,Kentucky,Canada,2016,1,7
2024,2024-25,Jackson Rowe,GSW,28,6-7,210,Cal State-Fullerton,Canada,Undrafted,Undrafted,Undrafted
2024,2024-25,Dillon Brooks,HOU,29,6-6,225,Oregon,Canada,2017,2,45
2024,2024-25,Andrew Nembhard,IND,25,6-4,191,Gonzaga,Canada,2022,2,31
2024,2024-25,Bennedict Mathurin,IND,23,6-5,210,Arizona,Canada,2022,1,6
2024,2024-25,Brandon Clarke,MEM,28,6-8,215,Gonzaga,Canada,2019,1,21
2024,2024-25,Zach Edey,MEM,23,7-4,305,Purdue,Canada,2024,1,9
2024,2024-25,Andrew Wiggins,MIA,30,6-7,197,Kansas,Canada,2014,1,1
2024,2024-25,Leonard Miller,MIN,21,6-10,220,None,Canada,2023,2,33
2024,2024-25,Nickeil Alexander-Walker,MIN,26,6-5,205,Virginia Tech,Canada,2019,1,17
2024,2024-25,Kelly Olynyk,NOP,34,6-11,240,Gonzaga,Canada,2013,1,13
2024,2024-25,Luguentz Dort,OKC,26,6-4,220,Arizona State,Canada,Undrafted,Undrafted,Undrafted
2024,2024-25,Shai Gilgeous-Alexander,OKC,26,6-6,195,Kentucky,Canada,2018,1,11
2024,2024-25,Caleb Houstan,ORL,22,6-8,205,Michigan,Canada,2022,2,32
2024,2024-25,Cory Joseph,ORL,33,6-2,200,Texas,Canada,2011,1,29
2024,2024-25,Oshae Brissett,PHI,27,6-7,210,Syracuse,Canada,Undrafted,Undrafted,Undrafted
2024,2024-25,Dalano Banton,POR,25,6-8,203,Nebraska,Canada,2021,2,46
2024,2024-25,Shaedon Sharpe,POR,22,6-5,208,Kentucky,Canada,2022,1,7
2024,2024-25,Trey Lyles,SAC,29,6-9,234,Kentucky,Canada,2015,1,12
2024,2024-25,A.J. Lawson,TOR,24,6-6,179,South Carolina,Canada,Undrafted,Undrafted,Undrafted
2024,2024-25,RJ Barrett,TOR,25,6-6,214,Duke,Canada,2019,1,3
2024,2024-25,Cui Cui,BKN,22,6-5,190,None,China,Undrafted,Undrafted,Undrafted
2024,2024-25,Dario Saric,DEN,31,6-10,225,None,Croatia,2014,1,12
2024,2024-25,Ivica Zubac,LAC,28,7-0,240,None,Croatia,2016,2,32
2024,2024-25,Vít Krejčí,ATL,25,6-8,195,None,Czech Republic,2020,2,37
2024,2024-25,Al Horford,BOS,39,6-9,240,Florida,Dominican Republic,2007,1,3
2024,2024-25,Chris Duarte,CHI,28,6-5,190,Oregon,Dominican Republic,2021,1,13
2024,2024-25,Jonathan Kuminga,GSW,22,6-7,225,None,DRC,2021,1,7
2024,2024-25,Bismack Biyombo,SAS,32,6-8,255,None,DRC,2011,1,7
2024,2024-25,Oscar Tshiebwe,UTA,25,6-8,255,Kentucky,DRC,Undrafted,Undrafted,Undrafted
2024,2024-25,Lauri Markkanen,UTA,28,7-0,240,Arizona,Finland,2017,1,7
2024,2024-25,Zaccharie Risacher,ATL,20,6-8,200,None,France,2024,1,1
2024,2024-25,Killian Hayes,BKN,23,6-5,195,None,France,2020,1,7
2024,2024-25,Moussa Diabaté,CHA,23,6-9,210,Michigan,France,2022,2,43
2024,2024-25,Tidjane Salaün,CHA,19,6-8,207,None,France,2024,1,6
2024,2024-25,Nicolas Batum,LAC,36,6-8,230,None,France,2008,1,25
2024,2024-25,Armel Traore,LAL,22,6-9,245,None,France,Undrafted,Undrafted,Undrafted
2024,2024-25,Rudy Gobert,MIN,33,7-1,258,None,France,2013,1,27
2024,2024-25,Pacôme Dadiet,NYK,19,6-8,210,None,France,2024,1,25
2024,2024-25,Ousmane Dieng,OKC,22,6-9,185,None,France,2022,1,11
2024,2024-25,Guerschon Yabusele,PHI,29,6-8,265,None,France,2016,1,16
2024,2024-25,Rayan Rupert,POR,21,6-6,195,None,France,2023,2,43
2024,2024-25,Sidy Cissoko,POR,21,6-6,200,None,France,2023,2,44
2024,2024-25,Victor Wembanyama,SAS,21,7-3,235,None,France,2023,1,1
2024,2024-25,Alex Sarr,WAS,20,7-0,205,None,France,2024,1,2
2024,2024-25,Bilal Coulibaly,WAS,20,6-8,195,None,France,2023,1,7
2024,2024-25,Goga Bitadze,ORL,25,6-10,250,None,Georgia,2019,1,18
2024,2024-25,Sandro Mamukelashvili,SAS,26,6-9,240,Seton Hall,Georgia,2021,2,54
2024,2024-25,Dennis Schröder,DET,31,6-1,175,None,Germany,2013,1,17
2024,2024-25,Maxi Kleber,LAL,33,6-10,240,None,Germany,Undrafted,Undrafted,Undrafted
2024,2024-25,Daniel Theis,NOP,33,6-8,245,None,Germany,Undrafted,Undrafted,Undrafted
2024,2024-25,Ariel Hukporti,NYK,23,6-11,246,None,Germany,2024,2,58
2024,2024-25,Isaiah Hartenstein,OKC,27,7-0,250,None,Germany,2017,2,43
2024,2024-25,Franz Wagner,ORL,23,6-10,220,Michigan,Germany,2021,1,8
2024,2024-25,Moritz Wagner,ORL,28,6-11,245,Michigan,Germany,2018,1,25
2024,2024-25,Tristan da Silva,ORL,24,6-8,217,Colorado,Germany,2024,1,18
2024,2024-25,Giannis Antetokounmpo,MIL,30,6-11,243,None,Greece,2013,1,15
2024,2024-25,Skal Labissiere,SAC,29,6-10,235,Kentucky,Haiti,2016,1,28
2024,2024-25,Deni Avdija,POR,24,6-9,240,None,Israel,2020,1,9
2024,2024-25,Simone Fontecchio,DET,29,6-7,209,None,Italy,Undrafted,Undrafted,Undrafted
2024,2024-25,Tristan Vukcevic,WAS,22,7-0,220,None,Italy,2023,2,42
2024,2024-25,Nick Richards,PHX,27,7-0,245,Kentucky,Jamaica,2020,2,42
2024,2024-25,Cam Thomas,BKN,23,6-3,210,Louisiana State,Japan,2021,1,27
2024,2024-25,Rui Hachimura,LAL,27,6-8,230,Gonzaga,Japan,2019,1,9
2024,2024-25,Yuki Kawamura,MEM,24,5-8,159,None,Japan,Undrafted,Undrafted,Undrafted
2024,2024-25,Kristaps Porziņģis,BOS,29,7-2,240,None,Latvia,2015,1,4
2024,2024-25,Domantas Sabonis,SAC,29,6-10,240,Gonzaga,Lithuania,2016,1,11
2024,2024-25,Jonas Valančiūnas,SAC,33,6-11,265,None,Lithuania,2011,1,5
2024,2024-25,Adama Sanogo,CHI,23,6-9,245,UCONN,Mali,Undrafted,Undrafted,Undrafted
2024,2024-25,N'Faly Dante,HOU,23,6-11,230,Oregon,Mali,Undrafted,Undrafted,Undrafted
2024,2024-25,Nikola Vučević,CHI,34,6-10,260,Southern California,Montenegro,2011,1,16
2024,2024-25,Quinten Post,GSW,25,7-0,238,Boston College,Netherlands,2024,2,52
2024,2024-25,Jesse Edwards,MIN,25,7-0,236,West Virginia,Netherlands,Undrafted,Undrafted,Undrafted
2024,2024-25,Malevy Leons,OKC,25,6-9,210,Bradley,Netherlands,Undrafted,Undrafted,Undrafted
2024,2024-25,Steven Adams,HOU,31,6-11,265,Pittsburgh,New Zealand,2013,1,12
2024,2024-25,Josh Okogie,CHA,26,6-4,213,Georgia Tech,Nigeria,2018,1,20
2024,2024-25,Precious Achiuwa,NYK,25,6-8,243,Memphis,Nigeria,2020,1,20
2024,2024-25,Adem Bona,PHI,22,6-10,235,UCLA,Nigeria,2024,2,41
2024,2024-25,Charles Bassey,SAS,24,6-10,230,Western Kentucky,Nigeria,2021,2,53
2024,2024-25,Jeremy Sochan,SAS,22,6-8,230,Baylor,Poland,2022,1,9
2024,2024-25,Neemias Queta,BOS,25,7-0,248,Utah State,Portugal,2021,2,39
2024,2024-25,Chris Boucher,TOR,32,6-9,200,Oregon,Saint Lucia,Undrafted,Undrafted,Undrafted
2024,2024-25,Mouhamed Gueye,ATL,22,6-10,210,Washington State,Senegal,2023,2,39
2024,2024-25,Nikola Jokić,DEN,30,6-11,284,None,Serbia,2014,2,41
2024,2024-25,Bogdan Bogdanović,LAC,32,6-5,225,None,Serbia,2014,1,27
2024,2024-25,Nikola Jović,MIA,22,6-10,205,None,Serbia,2022,1,27
2024,2024-25,Vasilije Micic,PHX,31,6-3,188,None,Serbia,2014,2,52
2024,2024-25,Vlatko Čančar,DEN,28,6-8,236,None,Slovenia,2017,2,49
2024,2024-25,Luka Dončić,LAL,26,6-6,230,None,Slovenia,2018,1,3
2024,2024-25,Duop Reath,POR,29,6-9,245,Louisiana State,South Sudan,Undrafted,Undrafted,Undrafted
2024,2024-25,Santi Aldama,MEM,24,7-0,215,Loyola-Maryland,Spain,2021,1,30
2024,2024-25,Bol Bol,PHX,25,7-3,220,Oregon,Sudan,2019,2,44
2024,2024-25,Bobi Klintman,DET,22,6-9,225,None,Sweden,2024,2,37
2024,2024-25,Pelle Larsson,MIA,24,6-5,215,Arizona,Sweden,2024,2,44
2024,2024-25,Clint Capela,ATL,31,6-10,256,None,Switzerland,2014,1,25
2024,2024-25,Kyshawn George,WAS,21,6-8,200,Miami,Switzerland,2024,1,24
2024,2024-25,Alperen Sengun,HOU,22,6-11,243,None,Turkey,2021,1,16
2024,2024-25,Alex Len,LAL,32,7-0,250,Maryland,Ukraine,2013,1,5
2024,2024-25,Svi Mykhailiuk,UTA,28,6-7,205,Kansas,Ukraine,2018,2,47
2024,2024-25,Tosan Evbuomwan,BKN,24,6-7,217,Princeton,United Kingdom,Undrafted,Undrafted,Undrafted
2024,2024-25,OG Anunoby,NYK,27,6-7,240,Indiana,United Kingdom,2017,1,23
2023,2023-24,Bruno Fernando,ATL,25,6-9,240,Maryland,Angola,2019,2,34
2023,2023-24,Ben Simmons,BKN,27,6-10,240,Louisiana State,Australia,2016,1,1
2023,2023-24,Dante Exum,DAL,28,6-5,214,None,Australia,2014,1,5
2023,2023-24,Josh Green,DAL,23,6-5,200,Arizona,Australia,2020,1,18
2023,2023-24,Kyrie Irving,DAL,32,6-2,195,Duke,Australia,2011,1,1
2023,2023-24,Jock Landale,HOU,28,6-11,255,St. Mary's,Australia,Undrafted,Undrafted,Undrafted
2023,2023-24,Patty Mills,MIA,35,6-2,180,St. Mary's,Australia,2009,2,55
2023,2023-24,Dyson Daniels,NOP,21,6-7,199,None,Australia,2022,1,8
2023,2023-24,Jack White,OKC,26,6-6,225,Duke,Australia,Undrafted,Undrafted,Undrafted
2023,2023-24,Josh Giddey,OKC,21,6-8,216,None,Australia,2021,1,6
2023,2023-24,Joe Ingles,ORL,36,6-9,220,None,Australia,Undrafted,Undrafted,Undrafted
2023,2023-24,Jakob Poeltl,TOR,28,7-0,260,Utah,Austria,2016,1,9
2023,2023-24,Buddy Hield,PHI,31,6-4,220,Oklahoma,Bahamas,2016,1,6
2023,2023-24,Deandre Ayton,POR,25,7-0,247,Arizona,Bahamas,2018,1,1
2023,2023-24,Toumani Camara,POR,24,6-7,226,Dayton,Belgium,2023,2,52
2023,2023-24,Jusuf Nurkić,PHX,29,7-0,290,None,Bosnia and Herzegovina,2014,1,16
2023,2023-24,Gui Santos,GSW,22,6-6,185,None,Brazil,2022,2,55
2023,2023-24,Maozinha Pereira,MEM,23,6-8,177,None,Brazil,Undrafted,Undrafted,Undrafted
2023,2023-24,D'Moi Hodge,LAL,25,6-3,188,Missouri,British Virgin Islands,Undrafted,Undrafted,Undrafted
2023,2023-24,Sasha Vezenkov,SAC,28,6-8,225,None,Bulgaria,2017,2,57
2023,2023-24,Pascal Siakam,IND,30,6-8,245,New Mexico State,Cameroon,2016,1,27
2023,2023-24,Joel Embiid,PHI,30,7-0,280,Kansas,Cameroon,2014,1,3
2023,2023-24,Oshae Brissett,BOS,26,6-7,210,Syracuse,Canada,Undrafted,Undrafted,Undrafted
2023,2023-24,Tristan Thompson,CLE,33,6-9,254,Texas-Austin,Canada,2011,1,4
2023,2023-24,A.J. Lawson,DAL,23,6-6,179,South Carolina,Canada,Undrafted,Undrafted,Undrafted
2023,2023-24,Dwight Powell,DAL,32,6-10,240,Stanford,Canada,2014,2,45
2023,2023-24,Olivier-Maxence Prosper,DAL,21,6-7,230,Marquette,Canada,2023,1,24
2023,2023-24,Jamal Murray,DEN,27,6-4,215,Kentucky,Canada,2016,1,7
2023,2023-24,Andrew Wiggins,GSW,29,6-7,197,Kansas,Canada,2014,1,1
2023,2023-24,Cory Joseph,GSW,32,6-2,200,Texas,Canada,2011,1,29
2023,2023-24,Dillon Brooks,HOU,28,6-6,225,Oregon,Canada,2017,2,45
2023,2023-24,Andrew Nembhard,IND,24,6-4,191,Gonzaga,Canada,2022,2,31
2023,2023-24,Bennedict Mathurin,IND,22,6-5,210,Arizona,Canada,2022,1,6
2023,2023-24,Joshua Primo,LAC,21,6-4,189,Alabama,Canada,2021,1,12
2023,2023-24,Brandon Clarke,MEM,27,6-8,215,Gonzaga,Canada,2019,1,21
2023,2023-24,Lindell Wigginton,MIL,26,6-1,189,Iowa State,Canada,Undrafted,Undrafted,Undrafted
2023,2023-24,Leonard Miller,MIN,20,6-10,210,None,Canada,2023,2,33
2023,2023-24,Nickeil Alexander-Walker,MIN,25,6-5,205,Virginia Tech,Canada,2019,1,17
2023,2023-24,Luguentz Dort,OKC,25,6-4,220,Arizona State,Canada,Undrafted,Undrafted,Undrafted
2023,2023-24,Shai Gilgeous-Alexander,OKC,25,6-6,195,Kentucky,Canada,2018,1,11
2023,2023-24,Caleb Houstan,ORL,21,6-8,205,Michigan,Canada,2022,2,32
2023,2023-24,Dalano Banton,POR,24,6-8,204,Nebraska,Canada,2021,2,46
2023,2023-24,Shaedon Sharpe,POR,21,6-5,205,Kentucky,Canada,2022,1,7
2023,2023-24,Trey Lyles,SAC,28,6-9,234,Kentucky,Canada,2015,1,12
2023,2023-24,Kelly Olynyk,TOR,33,6-11,240,Gonzaga,Canada,2013,1,13
2023,2023-24,RJ Barrett,TOR,24,6-6,214,Duke,Canada,2019,1,3
2023,2023-24,Dario Saric,GSW,30,6-10,225,None,Croatia,2014,1,12
2023,2023-24,Ivica Zubac,LAC,27,7-0,240,None,Croatia,2016,2,32
2023,2023-24,Bojan Bogdanovic,NYK,35,6-7,226,None,Croatia,2011,2,31
2023,2023-24,Luka Samanic,UTA,24,6-10,227,None,Croatia,2019,1,19
2023,2023-24,Vít Krejčí,ATL,24,6-8,195,None,Czech Republic,2020,2,37
2023,2023-24,Al Horford,BOS,38,6-9,240,Florida,Dominican Republic,2007,1,3
2023,2023-24,Chris Duarte,SAC,27,6-5,190,Oregon,Dominican Republic,2021,1,13
2023,2023-24,Jonathan Kuminga,GSW,21,6-7,225,None,DRC,2021,1,7
2023,2023-24,Oscar Tshiebwe,IND,24,6-8,255,Kentucky,DRC,Undrafted,Undrafted,Undrafted
2023,2023-24,Bismack Biyombo,OKC,31,6-8,255,None,DRC,2011,1,7
2023,2023-24,Henri Drell,CHI,24,6-9,220,None,Estonia,Undrafted,Undrafted,Undrafted
2023,2023-24,Lauri Markkanen,UTA,27,7-0,240,Arizona,Finland,2017,1,7
2023,2023-24,Frank Ntilikina,CHA,25,6-4,200,None,France,2017,1,8
2023,2023-24,Evan Fournier,DET,31,6-6,205,None,France,2012,1,20
2023,2023-24,Killian Hayes,DET,22,6-5,195,None,France,2020,1,7
2023,2023-24,Malcolm Cazalon,DET,22,6-6,185,None,France,Undrafted,Undrafted,Undrafted
2023,2023-24,Moussa Diabaté,LAC,22,6-9,210,Michigan,France,2022,2,43
2023,2023-24,Rudy Gobert,MIN,32,7-1,258,None,France,2013,1,27
2023,2023-24,Olivier Sarr,OKC,25,6-10,240,Kentucky,France,Undrafted,Undrafted,Undrafted
2023,2023-24,Ousmane Dieng,OKC,21,6-9,185,None,France,2022,1,11
2023,2023-24,Nicolas Batum,PHI,35,6-8,230,None,France,2008,1,25
2023,2023-24,Theo Maledon,PHX,23,6-4,175,None,France,2020,2,34
2023,2023-24,Rayan Rupert,POR,20,6-6,185,None,France,2023,2,43
2023,2023-24,Sidy Cissoko,SAS,20,6-6,200,None,France,2023,2,44
2023,2023-24,Victor Wembanyama,SAS,20,7-4,210,None,France,2023,1,1
2023,2023-24,Bilal Coulibaly,WAS,19,6-8,195,None,France,2023,1,7
2023,2023-24,Goga Bitadze,ORL,24,6-10,250,None,Georgia,2019,1,18
2023,2023-24,Sandro Mamukelashvili,SAS,25,6-9,240,Seton Hall,Georgia,2021,2,54
2023,2023-24,Dennis Schröder,BKN,30,6-1,175,None,Germany,2013,1,17
2023,2023-24,Maxi Kleber,DAL,32,6-10,240,None,Germany,Undrafted,Undrafted,Undrafted
2023,2023-24,Daniel Theis,LAC,32,6-8,245,None,Germany,Undrafted,Undrafted,Undrafted
2023,2023-24,Isaiah Hartenstein,NYK,26,7-0,250,None,Germany,2017,2,43
2023,2023-24,Franz Wagner,ORL,22,6-10,220,Michigan,Germany,2021,1,8
2023,2023-24,Moritz Wagner,ORL,27,6-11,245,Michigan,Germany,2018,1,25
2023,2023-24,Nathan Mensah,CHA,26,6-9,230,San Diego State,Ghana,Undrafted,Undrafted,Undrafted
2023,2023-24,Giannis Antetokounmpo,MIL,29,6-11,243,None,Greece,2013,1,15
2023,2023-24,Thanasis Antetokounmpo,MIL,31,6-7,219,None,Greece,2014,2,51
2023,2023-24,Mamadi Diakite,NYK,27,6-9,228,Virginia,Guinea,Undrafted,Undrafted,Undrafted
2023,2023-24,Deni Avdija,WAS,23,6-9,210,None,Israel,2020,1,9
2023,2023-24,Simone Fontecchio,DET,28,6-7,209,None,Italy,Undrafted,Undrafted,Undrafted
2023,2023-24,Danilo Gallinari,MIL,35,6-10,236,None,Italy,2008,1,6
2023,2023-24,Tristan Vukcevic,WAS,21,6-10,220,None,Italy,2023,2,42
2023,2023-24,Nick Richards,CHA,26,7-0,245,Kentucky,Jamaica,2020,2,42
2023,2023-24,Cam Thomas,BKN,22,6-3,210,Louisiana State,Japan,2021,1,27
2023,2023-24,Rui Hachimura,LAL,26,6-8,230,Gonzaga,Japan,2019,1,9
2023,2023-24,Yuta Watanabe,MEM,29,6-9,215,George Washington,Japan,Undrafted,Undrafted,Undrafted
2023,2023-24,Kristaps Porziņģis,BOS,28,7-2,240,None,Latvia,2015,1,4
2023,2023-24,Davis Bertans,CHA,31,6-10,225,None,Latvia,2011,2,42
2023,2023-24,Jonas Valančiūnas,NOP,32,6-11,265,None,Lithuania,2011,1,5
2023,2023-24,Domantas Sabonis,SAC,28,6-10,240,Gonzaga,Lithuania,2016,1,11
2023,2023-24,Adama Sanogo,CHI,22,6-9,245,UCONN,Mali,Undrafted,Undrafted,Undrafted
2023,2023-24,Nikola Vučević,CHI,33,6-10,260,Southern California,Montenegro,2011,1,16
2023,2023-24,Precious Achiuwa,NYK,24,6-8,243,Memphis,Nigeria,2020,1,20
2023,2023-24,Josh Okogie,PHX,25,6-4,213,Georgia Tech,Nigeria,2018,1,20
2023,2023-24,Udoka Azubuike,PHX,24,6-11,270,Kansas,Nigeria,2020,1,27
2023,2023-24,Charles Bassey,SAS,23,6-10,230,Western Kentucky,Nigeria,2021,2,53
2023,2023-24,Eugene Omoruyi,WAS,27,6-6,235,Oregon,Nigeria,Undrafted,Undrafted,Undrafted
2023,2023-24,Jeremy Sochan,SAS,21,6-8,230,Baylor,Poland,2022,1,9
2023,2023-24,Neemias Queta,BOS,24,7-0,248,Utah State,Portugal,2021,2,39
2023,2023-24,Chris Boucher,TOR,31,6-9,200,Oregon,Saint Lucia,Undrafted,Undrafted,Undrafted
2023,2023-24,Mouhamed Gueye,ATL,21,6-10,210,Washington State,Senegal,2023,2,39
2023,2023-24,Ibou Badji,POR,21,7-0,240,None,Senegal,Undrafted,Undrafted,Undrafted
2023,2023-24,Bogdan Bogdanović,ATL,31,6-5,225,None,Serbia,2014,1,27
2023,2023-24,Aleksej Pokusevski,CHA,22,7-0,210,None,Serbia,2020,1,17
2023,2023-24,Vasilije Micic,CHA,30,6-3,188,None,Serbia,2014,2,52
2023,2023-24,Nikola Jokić,DEN,29,6-11,284,None,Serbia,2014,2,41
2023,2023-24,Boban Marjanovic,HOU,35,7-4,290,None,Serbia,Undrafted,Undrafted,Undrafted
2023,2023-24,Nikola Jović,MIA,21,6-10,205,None,Serbia,2022,1,27
2023,2023-24,Filip Petrusev,PHI,24,6-11,225,Gonzaga,Serbia,2021,2,50
2023,2023-24,Luka Dončić,DAL,25,6-7,230,None,Slovenia,2018,1,3
2023,2023-24,Wenyen Gabriel,BOS,27,6-9,205,Kentucky,South Sudan,Undrafted,Undrafted,Undrafted
2023,2023-24,Duop Reath,POR,28,6-9,245,Louisiana State,South Sudan,Undrafted,Undrafted,Undrafted
2023,2023-24,Usman Garuba,GSW,22,6-8,229,None,Spain,2021,1,23
2023,2023-24,Santi Aldama,MEM,23,7-0,215,Loyola-Maryland,Spain,2021,1,30
2023,2023-24,Bol Bol,PHX,24,7-3,220,Oregon,Sudan,2019,2,44
2023,2023-24,Clint Capela,ATL,30,6-10,256,None,Switzerland,2014,1,25
2023,2023-24,Onuralp Bitim,CHI,25,6-6,215,None,Turkey,Undrafted,Undrafted,Undrafted
2023,2023-24,Alperen Sengun,HOU,21,6-11,243,None,Turkey,2021,1,16
2023,2023-24,Furkan Korkmaz,PHI,26,6-7,202,None,Turkey,2016,1,26
2023,2023-24,Cedi Osman,SAS,29,6-7,230,None,Turkey,2015,2,31
2023,2023-24,Omer Yurtseven,UTA,26,6-11,275,Georgetown,Turkey,Undrafted,Undrafted,Undrafted
2023,2023-24,Svi Mykhailiuk,BOS,27,6-7,205,Kansas,Ukraine,2018,2,47
2023,2023-24,Dmytro Skapintsev,NYK,26,7-1,215,Cal State Northridge,Ukraine,Undrafted,Undrafted,Undrafted
2023,2023-24,Alex Len,SAC,31,7-0,250,Maryland,Ukraine,2013,1,5
2023,2023-24,Tosan Evbuomwan,DET,23,6-7,217,Princeton,United Kingdom,Undrafted,Undrafted,Undrafted
2023,2023-24,OG Anunoby,NYK,26,6-7,240,Indiana,United Kingdom,2017,1,23
2023,2023-24,Admiral Schofield,ORL,27,6-5,241,Tennessee,United Kingdom,2019,2,42
2022,2022-23,Bruno Fernando,ATL,24,6-10,240,Maryland,Angola,2019,2,34
2022,2022-23,Facundo Campazzo,DAL,32,5-10,195,None,Argentina,Undrafted,Undrafted,Undrafted
2022,2022-23,Leandro Bolmaro,UTA,22,6-6,200,None,Argentina,2020,1,23
2022,2022-23,Ben Simmons,BKN,26,6-10,240,Louisiana State,Australia,2016,1,1
2022,2022-23,Patty Mills,BKN,34,6-0,180,St. Mary's,Australia,2009,2,55
2022,2022-23,Josh Green,DAL,22,6-7,200,Arizona,Australia,2020,1,18
2022,2022-23,Kyrie Irving,DAL,31,6-2,195,Duke,Australia,2011,1,1
2022,2022-23,Jack White,DEN,25,6-7,225,Duke,Australia,Undrafted,Undrafted,Undrafted
2022,2022-23,Joe Ingles,MIL,35,6-9,220,None,Australia,Undrafted,Undrafted,Undrafted
2022,2022-23,Dyson Daniels,NOP,20,6-7,199,None,Australia,2022,1,8
2022,2022-23,Josh Giddey,OKC,20,6-8,216,None,Australia,2021,1,6
2022,2022-23,Jock Landale,PHX,27,6-11,255,St. Mary's,Australia,Undrafted,Undrafted,Undrafted
2022,2022-23,Matthew Dellavedova,SAC,32,6-3,200,Saint Mary's,Australia,Undrafted,Undrafted,Undrafted
2022,2022-23,Xavier Cooks,WAS,27,6-8,183,Winthrop,Australia,Undrafted,Undrafted,Undrafted
2022,2022-23,Jakob Poeltl,TOR,27,7-1,245,Utah,Austria,2016,1,9
2022,2022-23,Kai Jones,CHA,22,6-11,221,Texas,Bahamas,2021,1,19
2022,2022-23,Buddy Hield,IND,30,6-4,220,Oklahoma,Bahamas,2016,1,6
2022,2022-23,Deandre Ayton,PHX,24,7-0,250,Arizona,Bahamas,2018,1,1
2022,2022-23,Jusuf Nurkić,POR,28,7-0,290,None,Bosnia and Herzegovina,2014,1,16
2022,2022-23,Raul Neto,CLE,31,6-2,180,None,Brazil,2013,2,47
2022,2022-23,Joel Embiid,PHI,29,7-0,280,Kansas,Cameroon,2014,1,3
2022,2022-23,Christian Koloko,TOR,23,7-0,230,Arizona,Cameroon,2022,2,33
2022,2022-23,Pascal Siakam,TOR,29,6-8,230,New Mexico State,Cameroon,2016,1,27
2022,2022-23,Mfiondu Kabengele,BOS,25,6-10,250,Florida State,Canada,2019,1,27
2022,2022-23,A.J. Lawson,DAL,22,6-6,179,South Carolina,Canada,Undrafted,Undrafted,Undrafted
2022,2022-23,Dwight Powell,DAL,31,6-10,240,Stanford,Canada,2014,2,45
2022,2022-23,Jamal Murray,DEN,26,6-4,215,Kentucky,Canada,2016,1,7
2022,2022-23,Cory Joseph,DET,31,6-3,200,Texas,Canada,2011,1,29
2022,2022-23,Andrew Wiggins,GSW,28,6-7,197,Kansas,Canada,2014,1,1
2022,2022-23,Andrew Nembhard,IND,23,6-3,191,Gonzaga,Canada,2022,2,31
2022,2022-23,Bennedict Mathurin,IND,21,6-5,210,Arizona,Canada,2022,1,6
2022,2022-23,Oshae Brissett,IND,25,6-7,210,Syracuse,Canada,Undrafted,Undrafted,Undrafted
2022,2022-23,Brandon Clarke,MEM,26,6-8,215,Gonzaga,Canada,2019,1,21
2022,2022-23,Dillon Brooks,MEM,27,6-6,225,Oregon,Canada,2017,2,45
2022,2022-23,Lindell Wigginton,MIL,25,6-1,189,Iowa State,Canada,Undrafted,Undrafted,Undrafted
2022,2022-23,Nickeil Alexander-Walker,MIN,24,6-5,205,Virginia Tech,Canada,2019,1,17
2022,2022-23,RJ Barrett,NYK,23,6-6,214,Duke,Canada,2019,1,3
2022,2022-23,Luguentz Dort,OKC,24,6-4,220,Arizona State,Canada,Undrafted,Undrafted,Undrafted
2022,2022-23,Shai Gilgeous-Alexander,OKC,24,6-6,195,Kentucky,Canada,2018,1,11
2022,2022-23,Caleb Houstan,ORL,20,6-8,205,Michigan,Canada,2022,2,32
2022,2022-23,Shaedon Sharpe,POR,20,6-5,200,Kentucky,Canada,2022,1,7
2022,2022-23,Trey Lyles,SAC,27,6-9,234,Kentucky,Canada,2015,1,12
2022,2022-23,Joshua Primo,SAS,20,6-6,189,Alabama,Canada,2021,1,12
2022,2022-23,Khem Birch,SAS,30,6-8,233,UNLV,Canada,Undrafted,Undrafted,Undrafted
2022,2022-23,Dalano Banton,TOR,23,6-7,204,Nebraska,Canada,2021,2,46
2022,2022-23,Kelly Olynyk,UTA,32,6-11,240,Gonzaga,Canada,2013,1,13
2022,2022-23,Bojan Bogdanovic,DET,34,6-7,226,None,Croatia,2011,2,31
2022,2022-23,Ivica Zubac,LAC,26,7-0,240,None,Croatia,2016,2,32
2022,2022-23,Dario Saric,OKC,29,6-10,225,None,Croatia,2014,1,12
2022,2022-23,Luka Samanic,UTA,23,6-10,227,None,Croatia,2019,1,19
2022,2022-23,Vít Krejčí,ATL,23,6-8,195,None,Czech Republic,2020,2,37
2022,2022-23,Serge Ibaka,MIL,33,6-11,235,None,Democratic Republic of the Congo,2008,1,24
2022,2022-23,Al Horford,BOS,37,6-9,240,Florida,Dominican Republic,2007,1,3
2022,2022-23,Chris Duarte,IND,26,6-5,190,Oregon,Dominican Republic,2021,1,13
2022,2022-23,Jonathan Kuminga,GSW,20,6-7,225,None,DRC,2021,1,7
2022,2022-23,Bismack Biyombo,PHX,30,6-8,255,None,DRC,2011,1,7
2022,2022-23,Lauri Markkanen,UTA,26,7-0,240,Arizona,Finland,2017,1,7
2022,2022-23,Theo Maledon,CHA,22,6-5,175,None,France,2020,2,34
2022,2022-23,Frank Ntilikina,DAL,24,6-4,200,None,France,2017,1,8
2022,2022-23,Killian Hayes,DET,21,6-5,195,None,France,2020,1,7
2022,2022-23,Moussa Diabaté,LAC,21,6-10,210,Michigan,France,2022,2,43
2022,2022-23,Nicolas Batum,LAC,34,6-8,230,None,France,2008,1,25
2022,2022-23,Rudy Gobert,MIN,31,7-1,258,None,France,2013,1,27
2022,2022-23,Evan Fournier,NYK,30,6-6,205,None,France,2012,1,20
2022,2022-23,Olivier Sarr,OKC,24,6-11,240,Kentucky,France,Undrafted,Undrafted,Undrafted
2022,2022-23,Ousmane Dieng,OKC,20,6-9,185,None,France,2022,1,11
2022,2022-23,Chris Silva,ATL,26,6-8,234,South Carolina,Gabon,Undrafted,Undrafted,Undrafted
2022,2022-23,Goga Bitadze,ORL,23,6-11,250,None,Georgia,2019,1,18
2022,2022-23,Sandro Mamukelashvili,SAS,24,6-10,240,Seton Hall,Georgia,2021,2,54
2022,2022-23,Maxi Kleber,DAL,31,6-10,240,None,Germany,Undrafted,Undrafted,Undrafted
2022,2022-23,Daniel Theis,IND,31,6-8,245,None,Germany,Undrafted,Undrafted,Undrafted
2022,2022-23,Dennis Schröder,LAL,29,6-1,172,None,Germany,2013,1,17
2022,2022-23,Duane Washington Jr.,NYK,23,6-2,197,Ohio State,Germany,Undrafted,Undrafted,Undrafted
2022,2022-23,Isaiah Hartenstein,NYK,25,7-0,250,None,Germany,2017,2,43
2022,2022-23,Franz Wagner,ORL,21,6-10,220,Michigan,Germany,2021,1,8
2022,2022-23,Moritz Wagner,ORL,26,6-11,245,Michigan,Germany,2018,1,25
2022,2022-23,Giannis Antetokounmpo,MIL,28,7-0,243,None,Greece,2013,1,15
2022,2022-23,Thanasis Antetokounmpo,MIL,30,6-7,219,None,Greece,2014,2,51
2022,2022-23,Mamadi Diakite,CLE,26,6-9,228,Virginia,Guinea,Undrafted,Undrafted,Undrafted
2022,2022-23,Deni Avdija,WAS,22,6-9,210,None,Israel,2020,1,9
2022,2022-23,Simone Fontecchio,UTA,27,6-7,209,None,Italy,Undrafted,Undrafted,Undrafted
2022,2022-23,Nick Richards,CHA,25,7-0,245,Kentucky,Jamaica,2020,2,42
2022,2022-23,Cam Thomas,BKN,21,6-3,210,Louisiana State,Japan,2021,1,27
2022,2022-23,Yuta Watanabe,BKN,28,6-8,215,George Washington,Japan,Undrafted,Undrafted,Undrafted
2022,2022-23,Rui Hachimura,LAL,25,6-8,230,Gonzaga,Japan,2019,1,9
2022,2022-23,Davis Bertans,DAL,30,6-10,225,None,Latvia,2011,2,42
2022,2022-23,Kristaps Porziņģis,WAS,27,7-3,240,None,Latvia,2015,1,4
2022,2022-23,Jonas Valančiūnas,NOP,31,6-11,265,None,Lithuania,2011,1,5
2022,2022-23,Domantas Sabonis,SAC,27,7-1,240,Gonzaga,Lithuania,2016,1,11
2022,2022-23,Marko Simonovic,CHI,23,7-0,220,None,Montenegro,2020,2,44
2022,2022-23,Nikola Vučević,CHI,32,6-10,260,Southern California,Montenegro,2011,1,16
2022,2022-23,Steven Adams,MEM,29,6-11,265,Pittsburgh,New Zealand,2013,1,12
2022,2022-23,Eugene Omoruyi,DET,26,6-6,235,Oregon,Nigeria,Undrafted,Undrafted,Undrafted
2022,2022-23,Josh Okogie,PHX,24,6-4,213,Georgia Tech,Nigeria,2018,1,20
2022,2022-23,Chima Moneke,SAC,27,6-5,223,Cal-Davis,Nigeria,Undrafted,Undrafted,Undrafted
2022,2022-23,Charles Bassey,SAS,22,6-9,230,Western Kentucky,Nigeria,2021,2,53
2022,2022-23,Precious Achiuwa,TOR,23,6-8,225,Memphis,Nigeria,2020,1,20
2022,2022-23,Udoka Azubuike,UTA,23,6-11,270,Kansas,Nigeria,2020,1,27
2022,2022-23,Jeremy Sochan,SAS,20,6-8,230,Baylor,Poland,2022,1,9
2022,2022-23,Neemias Queta,SAC,23,7-0,248,Utah State,Portugal,2021,2,39
2022,2022-23,Chris Boucher,TOR,30,6-9,200,Oregon,Saint Lucia,Undrafted,Undrafted,Undrafted
2022,2022-23,Gorgui Dieng,SAS,33,6-10,248,Louisville,Senegal,2013,1,21
2022,2022-23,Bogdan Bogdanović,ATL,30,6-5,225,None,Serbia,2014,1,27
2022,2022-23,Nikola Jokić,DEN,28,6-11,284,None,Serbia,2014,2,41
2022,2022-23,Boban Marjanovic,HOU,34,7-4,290,None,Serbia,Undrafted,Undrafted,Undrafted
2022,2022-23,Nikola Jović,MIA,20,6-10,205,None,Serbia,2022,1,27
2022,2022-23,Aleksej Pokusevski,OKC,21,7-0,210,None,Serbia,2020,1,17
2022,2022-23,Luka Dončić,DAL,24,6-7,230,None,Slovenia,2018,1,3
2022,2022-23,Vlatko Čančar,DEN,26,6-8,236,None,Slovenia,2017,2,49
2022,2022-23,Goran Dragic,MIL,37,6-4,190,None,Slovenia,2008,2,45
2022,2022-23,Wenyen Gabriel,LAL,26,6-9,205,Kentucky,South Sudan,Undrafted,Undrafted,Undrafted
2022,2022-23,Ricky Rubio,CLE,32,6-2,190,None,Spain,2009,1,5
2022,2022-23,Usman Garuba,HOU,21,6-8,229,None,Spain,2021,1,23
2022,2022-23,Santi Aldama,MEM,22,7-0,215,Loyola-Maryland,Spain,2021,1,30
2022,2022-23,Willy Hernangomez,NOP,29,6-11,250,None,Spain,2015,2,35
2022,2022-23,Juancho Hernangomez,TOR,27,6-9,214,None,Spain,2016,1,15
2022,2022-23,Bol Bol,ORL,23,7-2,220,Oregon,Sudan,2019,2,44
2022,2022-23,Clint Capela,ATL,29,6-10,256,None,Switzerland,2014,1,25
2022,2022-23,Cedi Osman,CLE,28,6-7,230,None,Turkey,2015,2,31
2022,2022-23,Alperen Sengun,HOU,20,6-11,243,None,Turkey,2021,1,16
2022,2022-23,Omer Yurtseven,MIA,25,6-11,275,Georgetown,Turkey,Undrafted,Undrafted,Undrafted
2022,2022-23,Furkan Korkmaz,PHI,25,6-7,202,None,Turkey,2016,1,26
2022,2022-23,Svi Mykhailiuk,CHA,26,6-7,205,Kansas,Ukraine,2018,2,47
2022,2022-23,Alex Len,SAC,30,7-2,250,Maryland,Ukraine,2013,1,5
2022,2022-23,Admiral Schofield,ORL,26,6-5,241,Tennessee,United Kingdom,2019,2,42
2022,2022-23,OG Anunoby,TOR,25,6-7,232,Indiana,United Kingdom,2017,1,23
2021,2021-22,Bruno Fernando,HOU,23,6-9,240,Maryland,Angola,2019,2,34
2021,2021-22,Norvel Pelle,UTA,29,6-10,231,Iona,Antigua and Barbuda,Undrafted,Undrafted,Undrafted
2021,2021-22,Facundo Campazzo,DEN,31,5-10,195,None,Argentina,Undrafted,Undrafted,Undrafted
2021,2021-22,Leandro Bolmaro,MIN,21,6-6,200,None,Argentina,2020,1,23
2021,2021-22,Gabriel Deck,OKC,27,6-6,231,None,Argentina,Undrafted,Undrafted,Undrafted
2021,2021-22,Kyrie Irving,BKN,30,6-2,195,Duke,Australia,2011,1,1
2021,2021-22,Patty Mills,BKN,33,6-0,180,St. Mary's,Australia,2009,2,55
2021,2021-22,Josh Green,DAL,21,6-5,200,Arizona,Australia,2020,1,18
2021,2021-22,Josh Giddey,OKC,19,6-8,205,None,Australia,2021,1,6
2021,2021-22,Joe Ingles,POR,34,6-8,220,None,Australia,Undrafted,Undrafted,Undrafted
2021,2021-22,Jock Landale,SAS,26,6-11,255,St. Mary's,Australia,Undrafted,Undrafted,Undrafted
2021,2021-22,Jakob Poeltl,SAS,26,7-1,245,Utah,Austria,2016,1,9
2021,2021-22,Kai Jones,CHA,21,6-10,221,Texas,Bahamas,2021,1,19
2021,2021-22,Buddy Hield,IND,29,6-4,220,Oklahoma,Bahamas,2016,1,6
2021,2021-22,Deandre Ayton,PHX,23,6-11,250,Arizona,Bahamas,2018,1,1
2021,2021-22,Jusuf Nurkić,POR,27,6-11,290,None,Bosnia and Herzegovina,2014,1,16
2021,2021-22,Didi Louzada,POR,22,6-5,188,None,Brazil,2019,2,35
2021,2021-22,Raul Neto,WAS,30,6-2,180,None,Brazil,2013,2,47
2021,2021-22,Joel Embiid,PHI,28,7-0,280,Kansas,Cameroon,2014,1,3
2021,2021-22,Pascal Siakam,TOR,28,6-8,230,New Mexico State,Cameroon,2016,1,27
2021,2021-22,Nik Stauskas,BOS,28,6-6,207,Michigan,Canada,2014,1,8
2021,2021-22,Tristan Thompson,CHI,31,6-9,254,Texas-Austin,Canada,2011,1,4
2021,2021-22,Kevin Pangos,CLE,29,6-1,179,Gonzaga,Canada,Undrafted,Undrafted,Undrafted
2021,2021-22,Dwight Powell,DAL,30,6-10,240,Stanford,Canada,2014,2,45
2021,2021-22,Cory Joseph,DET,30,6-3,200,Texas,Canada,2011,1,29
2021,2021-22,Kelly Olynyk,DET,31,6-11,240,Gonzaga,Canada,2013,1,13
2021,2021-22,Andrew Wiggins,GSW,27,6-7,197,Kansas,Canada,2014,1,1
2021,2021-22,Oshae Brissett,IND,24,6-7,210,Syracuse,Canada,Undrafted,Undrafted,Undrafted
2021,2021-22,Brandon Clarke,MEM,25,6-8,215,Gonzaga,Canada,2019,1,21
2021,2021-22,Dillon Brooks,MEM,26,6-7,225,Oregon,Canada,2017,2,45
2021,2021-22,Mychal Mulder,MIA,28,6-3,195,Kentucky,Canada,Undrafted,Undrafted,Undrafted
2021,2021-22,Lindell Wigginton,MIL,24,6-1,189,Iowa State,Canada,Undrafted,Undrafted,Undrafted
2021,2021-22,RJ Barrett,NYK,22,6-6,214,Duke,Canada,2019,1,3
2021,2021-22,Luguentz Dort,OKC,23,6-3,215,Arizona State,Canada,Undrafted,Undrafted,Undrafted
2021,2021-22,Shai Gilgeous-Alexander,OKC,23,6-6,180,Kentucky,Canada,2018,1,11
2021,2021-22,Ignas Brazdeikis,ORL,23,6-6,221,Michigan,Canada,2019,2,47
2021,2021-22,Trey Lyles,SAC,26,6-9,234,Kentucky,Canada,2015,1,12
2021,2021-22,Joshua Primo,SAS,19,6-4,189,Alabama,Canada,2021,1,12
2021,2021-22,Dalano Banton,TOR,22,6-7,204,Nebraska,Canada,2021,2,46
2021,2021-22,Khem Birch,TOR,29,6-9,233,UNLV,Canada,Undrafted,Undrafted,Undrafted
2021,2021-22,Nickeil Alexander-Walker,UTA,23,6-5,205,Virginia Tech,Canada,2019,1,17
2021,2021-22,Jaime Echenique,WAS,25,6-10,258,Wichita State,Colombia,Undrafted,Undrafted,Undrafted
2021,2021-22,Ivica Zubac,LAC,25,7-0,240,None,Croatia,2016,2,32
2021,2021-22,Bojan Bogdanovic,UTA,33,6-7,226,None,Croatia,2011,2,31
2021,2021-22,Vít Krejčí,OKC,22,6-8,195,None,Czech Republic,2020,2,37
2021,2021-22,Tomas Satoransky,WAS,30,6-7,210,None,Czech Republic,2012,2,32
2021,2021-22,Serge Ibaka,MIL,32,6-10,235,None,Democratic Republic of the Congo,2008,1,24
2021,2021-22,Emmanuel Mudiay,SAC,26,6-3,200,None,Democratic Republic of the Congo,2015,1,7
2021,2021-22,Gabriel Lundberg,PHX,27,6-4,203,None,Denmark,Undrafted,Undrafted,Undrafted
2021,2021-22,Al Horford,BOS,36,6-9,240,Florida,Dominican Republic,2007,1,3
2021,2021-22,Chris Duarte,IND,25,6-5,190,Oregon,Dominican Republic,2021,1,13
2021,2021-22,Jonathan Kuminga,GSW,19,6-7,225,None,DRC,2021,1,7
2021,2021-22,Bismack Biyombo,PHX,29,6-8,255,None,DRC,2011,1,7
2021,2021-22,Abdel Nader,PHX,28,6-5,225,Iowa State,Egypt,2016,2,58
2021,2021-22,Lauri Markkanen,CLE,25,6-11,240,Arizona,Finland,2017,1,7
2021,2021-22,Timothe Luwawu-Cabarrot,ATL,27,6-7,215,None,France,2016,1,24
2021,2021-22,Frank Ntilikina,DAL,23,6-4,200,None,France,2017,1,8
2021,2021-22,Petr Cornelie,DEN,26,6-11,220,None,France,2016,2,53
2021,2021-22,Killian Hayes,DET,20,6-5,195,None,France,2020,1,7
2021,2021-22,Nicolas Batum,LAC,33,6-8,230,None,France,2008,1,25
2021,2021-22,Sekou Doumbouya,LAL,21,6-9,230,None,France,2019,1,15
2021,2021-22,Killian Tillie,MEM,24,6-9,220,Gonzaga,France,Undrafted,Undrafted,Undrafted
2021,2021-22,Yves Pons,MEM,23,6-5,206,Tennessee,France,Undrafted,Undrafted,Undrafted
2021,2021-22,Evan Fournier,NYK,29,6-6,205,None,France,2012,1,20
2021,2021-22,Jaylen Hoard,OKC,23,6-8,216,Wake Forest,France,Undrafted,Undrafted,Undrafted
2021,2021-22,Olivier Sarr,OKC,23,7-0,240,Kentucky,France,Undrafted,Undrafted,Undrafted
2021,2021-22,Theo Maledon,OKC,21,6-4,175,None,France,2020,2,34
2021,2021-22,Rudy Gobert,UTA,30,7-1,258,None,France,2013,1,27
2021,2021-22,Joel Ayayi,WAS,22,6-4,180,Gonzaga,France,Undrafted,Undrafted,Undrafted
2021,2021-22,Chris Silva,MIA,25,6-8,234,South Carolina,Gabon,Undrafted,Undrafted,Undrafted
2021,2021-22,Goga Bitadze,IND,22,7-0,250,None,Georgia,2019,1,18
2021,2021-22,Sandro Mamukelashvili,MIL,23,6-9,240,Seton Hall,Georgia,2021,2,54
2021,2021-22,Daniel Theis,BOS,30,6-9,245,None,Germany,Undrafted,Undrafted,Undrafted
2021,2021-22,Maxi Kleber,DAL,30,6-10,240,None,Germany,Undrafted,Undrafted,Undrafted
2021,2021-22,Dennis Schröder,HOU,28,6-1,172,None,Germany,2013,1,17
2021,2021-22,Duane Washington Jr.,IND,22,6-3,197,Ohio State,Germany,Undrafted,Undrafted,Undrafted
2021,2021-22,Isaiah Hartenstein,LAC,24,7-0,250,None,Germany,2017,2,43
2021,2021-22,Franz Wagner,ORL,20,6-10,220,Michigan,Germany,2021,1,8
2021,2021-22,Moritz Wagner,ORL,25,6-11,245,Michigan,Germany,2018,1,25
2021,2021-22,Isaac Bonga,TOR,22,6-8,180,None,Germany,2018,2,39
2021,2021-22,Giannis Antetokounmpo,MIL,27,6-11,242,None,Greece,2013,1,15
2021,2021-22,Thanasis Antetokounmpo,MIL,29,6-6,219,None,Greece,2014,2,51
2021,2021-22,Georgios Kalaitzakis,OKC,23,6-7,192,None,Greece,2021,2,60
2021,2021-22,Mamadi Diakite,OKC,25,6-9,228,Virginia,Guinea,Undrafted,Undrafted,Undrafted
2021,2021-22,Deni Avdija,WAS,21,6-9,210,None,Israel,2020,1,9
2021,2021-22,Danilo Gallinari,ATL,33,6-10,236,None,Italy,2008,1,6
2021,2021-22,Nick Richards,CHA,24,7-0,245,Kentucky,Jamaica,2020,2,42
2021,2021-22,Cam Thomas,BKN,20,6-3,210,Louisiana State,Japan,2021,1,27
2021,2021-22,Yuta Watanabe,TOR,27,6-9,215,George Washington,Japan,Undrafted,Undrafted,Undrafted
2021,2021-22,Rui Hachimura,WAS,24,6-8,230,Gonzaga,Japan,2019,1,9
2021,2021-22,Davis Bertans,DAL,29,6-10,225,None,Latvia,2011,2,42
2021,2021-22,Kristaps Porziņģis,WAS,26,7-3,240,None,Latvia,2015,1,4
2021,2021-22,Arnoldas Kulboka,CHA,24,6-10,209,None,Lithuania,2018,2,55
2021,2021-22,Deividas Sirvydis,DET,22,6-8,190,None,Lithuania,2019,2,37
2021,2021-22,Jonas Valančiūnas,NOP,30,6-11,265,None,Lithuania,2011,1,5
2021,2021-22,Domantas Sabonis,SAC,26,6-11,240,Gonzaga,Lithuania,2016,1,11
2021,2021-22,Cheick Diallo,DET,25,6-8,219,Kansas,Mali,2016,2,33
2021,2021-22,Marko Simonovic,CHI,22,6-11,220,None,Montenegro,2020,2,44
2021,2021-22,Nikola Vučević,CHI,31,6-10,260,Southern California,Montenegro,2011,1,16
2021,2021-22,Steven Adams,MEM,28,6-11,265,Pittsburgh,New Zealand,2013,1,12
2021,2021-22,Eugene Omoruyi,DAL,25,6-6,235,Oregon,Nigeria,Undrafted,Undrafted,Undrafted
2021,2021-22,Josh Okogie,MIN,23,6-4,213,Georgia Tech,Nigeria,2018,1,20
2021,2021-22,Charles Bassey,PHI,21,6-9,230,Western Kentucky,Nigeria,2021,2,53
2021,2021-22,Precious Achiuwa,TOR,22,6-8,225,Memphis,Nigeria,2020,1,20
2021,2021-22,Udoka Azubuike,UTA,22,7-0,270,Kansas,Nigeria,2020,1,27
2021,2021-22,Neemias Queta,SAC,22,7-0,248,Utah State,Portugal,2021,2,39
2021,2021-22,Chris Boucher,TOR,29,6-9,200,Oregon,Saint Lucia,Undrafted,Undrafted,Undrafted
2021,2021-22,Gorgui Dieng,ATL,32,6-10,248,Louisville,Senegal,2013,1,21
2021,2021-22,Tacko Fall,CLE,26,7-6,311,UCF,Senegal,Undrafted,Undrafted,Undrafted
2021,2021-22,Bogdan Bogdanović,ATL,29,6-6,225,None,Serbia,2014,1,27
2021,2021-22,Boban Marjanovic,DAL,33,7-3,290,None,Serbia,Undrafted,Undrafted,Undrafted
2021,2021-22,Nikola Jokić,DEN,27,6-11,284,None,Serbia,2014,2,41
2021,2021-22,Nemanja Bjelica,GSW,34,6-9,234,None,Serbia,2010,2,35
2021,2021-22,Aleksej Pokusevski,OKC,20,7-0,190,None,Serbia,2020,1,17
2021,2021-22,Goran Dragic,BKN,36,6-3,190,None,Slovenia,2008,2,45
2021,2021-22,Luka Dončić,DAL,23,6-7,230,None,Slovenia,2018,1,3
2021,2021-22,Vlatko Čančar,DEN,25,6-8,236,None,Slovenia,2017,2,49
2021,2021-22,Wenyen Gabriel,LAL,25,6-9,205,Kentucky,South Sudan,Undrafted,Undrafted,Undrafted
2021,2021-22,Usman Garuba,HOU,20,6-8,229,None,Spain,2021,1,23
2021,2021-22,Ricky Rubio,IND,31,6-2,190,None,Spain,2009,1,5
2021,2021-22,Santi Aldama,MEM,21,6-11,215,Loyola-Maryland,Spain,2021,1,30
2021,2021-22,Willy Hernangomez,NOP,28,6-11,250,None,Spain,2015,2,35
2021,2021-22,Juancho Hernangomez,UTA,26,6-9,214,None,Spain,2016,1,15
2021,2021-22,Bol Bol,ORL,22,7-2,220,Oregon,Sudan,2019,2,44
2021,2021-22,Clint Capela,ATL,28,6-10,256,None,Switzerland,2014,1,25
2021,2021-22,Enes Freedom,BOS,30,6-10,250,None,Turkey,2011,1,3
2021,2021-22,Cedi Osman,CLE,27,6-7,230,None,Turkey,2015,2,31
2021,2021-22,Alperen Sengun,HOU,19,6-10,243,None,Turkey,2021,1,16
2021,2021-22,Omer Yurtseven,MIA,24,6-11,275,Georgetown,Turkey,Undrafted,Undrafted,Undrafted
2021,2021-22,Furkan Korkmaz,PHI,24,6-7,202,None,Turkey,2016,1,26
2021,2021-22,Alex Len,SAC,29,7-0,250,Maryland,Ukraine,2013,1,5
2021,2021-22,Svi Mykhailiuk,TOR,25,6-7,205,Kansas,Ukraine,2018,2,47
2021,2021-22,Admiral Schofield,ORL,25,6-5,241,Tennessee,United Kingdom,2019,2,42
2021,2021-22,OG Anunoby,TOR,24,6-7,232,Indiana,United Kingdom,2017,1,23
2020,2020-21,Bruno Fernando,ATL,22,6-9,240,Maryland,Angola,2019,2,34
2020,2020-21,Norvel Pelle,NYK,28,6-10,231,Iona,Antigua and Barbuda,Undrafted,Undrafted,Undrafted
2020,2020-21,Facundo Campazzo,DEN,30,5-10,195,None,Argentina,Undrafted,Undrafted,Undrafted
2020,2020-21,Gabriel Deck,OKC,26,6-6,231,None,Argentina,Undrafted,Undrafted,Undrafted
2020,2020-21,Kyrie Irving,BKN,29,6-2,195,Duke,Australia,2011,1,1
2020,2020-21,Matthew Dellavedova,CLE,30,6-3,200,Saint Mary's,Australia,Undrafted,Undrafted,Undrafted
2020,2020-21,Josh Green,DAL,20,6-5,200,Arizona,Australia,2020,1,18
2020,2020-21,Dante Exum,HOU,25,6-5,214,None,Australia,2014,1,5
2020,2020-21,Will Magnay,NOP,23,6-10,234,None,Australia,Undrafted,Undrafted,Undrafted
2020,2020-21,Ben Simmons,PHI,24,6-11,240,Louisiana State,Australia,2016,1,1
2020,2020-21,Patty Mills,SAS,32,6-1,180,St. Mary's,Australia,2009,2,55
2020,2020-21,Aron Baynes,TOR,34,6-10,260,Washington State,Australia,Undrafted,Undrafted,Undrafted
2020,2020-21,Joe Ingles,UTA,33,6-8,220,None,Australia,Undrafted,Undrafted,Undrafted
2020,2020-21,Jakob Poeltl,SAS,25,7-1,245,Utah,Austria,2016,1,9
2020,2020-21,Deandre Ayton,PHX,22,6-11,250,Arizona,Bahamas,2018,1,1
2020,2020-21,Buddy Hield,SAC,28,6-4,220,Oklahoma,Bahamas,2016,1,6
2020,2020-21,Jusuf Nurkić,POR,26,6-11,290,None,Bosnia and Herzegovina,2014,1,16
2020,2020-21,Cristiano Felicio,CHI,28,6-11,270,None,Brazil,Undrafted,Undrafted,Undrafted
2020,2020-21,Anderson Varejao,CLE,38,6-11,260,None,Brazil,2004,2,30
2020,2020-21,Bruno Caboclo,HOU,25,6-9,218,None,Brazil,2014,1,20
2020,2020-21,Didi Louzada,NOP,21,6-5,188,None,Brazil,2019,2,35
2020,2020-21,Raul Neto,WAS,29,6-1,180,None,Brazil,2013,2,47
2020,2020-21,Joel Embiid,PHI,27,7-0,280,Kansas,Cameroon,2014,1,3
2020,2020-21,Pascal Siakam,TOR,27,6-9,230,New Mexico State,Cameroon,2016,1,27
2020,2020-21,Tristan Thompson,BOS,30,6-9,254,Texas-Austin,Canada,2011,1,4
2020,2020-21,Nate Darling,CHA,22,6-6,200,Delaware,Canada,Undrafted,Undrafted,Undrafted
2020,2020-21,Mfiondu Kabengele,CLE,23,6-9,250,Florida State,Canada,2019,1,27
2020,2020-21,Dwight Powell,DAL,29,6-10,240,Stanford,Canada,2014,2,45
2020,2020-21,Jamal Murray,DEN,24,6-3,215,Kentucky,Canada,2016,1,7
2020,2020-21,Cory Joseph,DET,29,6-3,200,Texas,Canada,2011,1,29
2020,2020-21,Andrew Wiggins,GSW,26,6-7,197,Kansas,Canada,2014,1,1
2020,2020-21,Mychal Mulder,GSW,27,6-3,184,Kentucky,Canada,Undrafted,Undrafted,Undrafted
2020,2020-21,Kelly Olynyk,HOU,30,6-11,240,Gonzaga,Canada,2013,1,13
2020,2020-21,Oshae Brissett,IND,23,6-7,210,Syracuse,Canada,Undrafted,Undrafted,Undrafted
2020,2020-21,Brandon Clarke,MEM,24,6-8,215,Gonzaga,Canada,2019,1,21
2020,2020-21,Dillon Brooks,MEM,25,6-7,225,Oregon,Canada,2017,2,45
2020,2020-21,Nickeil Alexander-Walker,NOP,22,6-6,205,Virginia Tech,Canada,2019,1,17
2020,2020-21,RJ Barrett,NYK,21,6-6,214,Duke,Canada,2019,1,3
2020,2020-21,Luguentz Dort,OKC,22,6-3,215,Arizona State,Canada,Undrafted,Undrafted,Undrafted
2020,2020-21,Shai Gilgeous-Alexander,OKC,22,6-6,180,Kentucky,Canada,2018,1,11
2020,2020-21,Ignas Brazdeikis,ORL,22,6-6,221,Michigan,Canada,2019,2,47
2020,2020-21,Trey Lyles,SAS,25,6-9,234,Kentucky,Canada,2015,1,12
2020,2020-21,Khem Birch,TOR,28,6-9,233,UNLV,Canada,Undrafted,Undrafted,Undrafted
2020,2020-21,Ivica Zubac,LAC,24,7-0,240,None,Croatia,2016,2,32
2020,2020-21,Dario Saric,PHX,27,6-10,225,None,Croatia,2014,1,12
2020,2020-21,Luka Samanic,SAS,21,6-10,227,None,Croatia,2019,1,19
2020,2020-21,Bojan Bogdanovic,UTA,32,6-7,226,None,Croatia,2011,2,31
2020,2020-21,Tomas Satoransky,CHI,29,6-7,210,None,Czech Republic,2012,2,32
2020,2020-21,Serge Ibaka,LAC,31,6-10,235,None,Democratic Republic of the Congo,2008,1,24
2020,2020-21,Al Horford,BOS,35,6-9,240,Florida,Dominican Republic,2007,1,3
2020,2020-21,Bismack Biyombo,CHA,28,6-8,255,None,DRC,2011,1,7
2020,2020-21,Abdel Nader,PHX,27,6-5,225,Iowa State,Egypt,2016,2,58
2020,2020-21,Lauri Markkanen,CHI,24,7-0,240,Arizona,Finland,2017,1,7
2020,2020-21,Timothe Luwawu-Cabarrot,BKN,26,6-7,220,None,France,2016,1,24
2020,2020-21,Evan Fournier,BOS,28,6-7,205,None,France,2012,1,20
2020,2020-21,Adam Mokoka,CHI,22,6-4,190,None,France,Undrafted,Undrafted,Undrafted
2020,2020-21,Killian Hayes,DET,19,6-5,195,None,France,2020,1,7
2020,2020-21,Sekou Doumbouya,DET,20,6-8,230,None,France,2019,1,15
2020,2020-21,Nicolas Batum,LAC,32,6-8,230,None,France,2008,1,25
2020,2020-21,Killian Tillie,MEM,23,6-9,220,Gonzaga,France,Undrafted,Undrafted,Undrafted
2020,2020-21,Axel Toupane,MIL,28,6-7,210,None,France,Undrafted,Undrafted,Undrafted
2020,2020-21,Frank Ntilikina,NYK,22,6-4,200,None,France,2017,1,8
2020,2020-21,Jaylen Hoard,OKC,22,6-8,216,Wake Forest,France,Undrafted,Undrafted,Undrafted
2020,2020-21,Theo Maledon,OKC,20,6-4,175,None,France,2020,2,34
2020,2020-21,Vincent Poirier,PHI,27,7-0,235,None,France,Undrafted,Undrafted,Undrafted
2020,2020-21,Rudy Gobert,UTA,29,7-1,258,None,France,2013,1,27
2020,2020-21,Chris Silva,SAC,24,6-8,234,South Carolina,Gabon,Undrafted,Undrafted,Undrafted
2020,2020-21,Goga Bitadze,IND,21,6-11,250,None,Georgia,2019,1,18
2020,2020-21,Daniel Theis,CHI,29,6-8,245,None,Germany,Undrafted,Undrafted,Undrafted
2020,2020-21,Isaiah Hartenstein,CLE,23,7-0,250,None,Germany,2017,2,43
2020,2020-21,Maxi Kleber,DAL,29,6-10,240,None,Germany,Undrafted,Undrafted,Undrafted
2020,2020-21,Dennis Schröder,LAL,27,6-3,172,None,Germany,2013,1,17
2020,2020-21,Moritz Wagner,ORL,24,6-11,245,Michigan,Germany,2018,1,25
2020,2020-21,Isaac Bonga,WAS,21,6-8,180,None,Germany,2018,2,39
2020,2020-21,Kostas Antetokounmpo,LAL,23,6-10,200,Dayton,Greece,2018,2,60
2020,2020-21,Giannis Antetokounmpo,MIL,26,6-11,242,None,Greece,2013,1,15
2020,2020-21,Thanasis Antetokounmpo,MIL,28,6-6,219,None,Greece,2014,2,51
2020,2020-21,Mamadi Diakite,MIL,24,6-9,228,Virginia,Guinea,Undrafted,Undrafted,Undrafted
2020,2020-21,Deni Avdija,WAS,20,6-9,210,None,Israel,2020,1,9
2020,2020-21,Danilo Gallinari,ATL,32,6-10,233,None,Italy,2008,1,6
2020,2020-21,Nicolo Melli,DAL,30,6-9,236,None,Italy,Undrafted,Undrafted,Undrafted
2020,2020-21,Nico Mannion,GSW,20,6-2,190,Arizona,Italy,2020,2,48
2020,2020-21,Nick Richards,CHA,23,7-0,245,Kentucky,Jamaica,2020,2,42
2020,2020-21,Yuta Watanabe,TOR,26,6-9,215,George Washington,Japan,Undrafted,Undrafted,Undrafted
2020,2020-21,Rui Hachimura,WAS,23,6-8,230,Gonzaga,Japan,2019,1,9
2020,2020-21,Kristaps Porziņģis,DAL,25,7-3,240,None,Latvia,2015,1,4
2020,2020-21,Rodions Kurucs,MIL,23,6-9,228,None,Latvia,2018,2,40
2020,2020-21,Anžejs Pasečņiks,WAS,25,7-1,229,None,Latvia,2017,1,25
2020,2020-21,Davis Bertans,WAS,28,6-10,225,None,Latvia,2011,2,42
2020,2020-21,Deividas Sirvydis,DET,21,6-8,190,None,Lithuania,2019,2,37
2020,2020-21,Domantas Sabonis,IND,25,6-11,240,Gonzaga,Lithuania,2016,1,11
2020,2020-21,Jonas Valančiūnas,MEM,29,6-11,265,None,Lithuania,2011,1,5
2020,2020-21,Nikola Vučević,CHI,30,6-11,260,Southern California,Montenegro,2011,1,16
2020,2020-21,Steven Adams,NOP,27,6-11,265,Pittsburgh,New Zealand,2013,1,12
2020,2020-21,Precious Achiuwa,MIA,21,6-8,225,Memphis,Nigeria,2020,1,20
2020,2020-21,Josh Okogie,MIN,22,6-4,213,Georgia Tech,Nigeria,2018,1,20
2020,2020-21,Udoka Azubuike,UTA,21,6-10,280,Kansas,Nigeria,2020,1,27
2020,2020-21,Chris Boucher,TOR,28,6-9,200,Oregon,Saint Lucia,Undrafted,Undrafted,Undrafted
2020,2020-21,Tacko Fall,BOS,25,7-5,311,UCF,Senegal,Undrafted,Undrafted,Undrafted
2020,2020-21,Karim Mane,ORL,21,6-3,190,Vanier,Senegal,Undrafted,Undrafted,Undrafted
2020,2020-21,Gorgui Dieng,SAS,31,6-10,252,Louisville,Senegal,2013,1,21
2020,2020-21,Bogdan Bogdanović,ATL,28,6-6,220,None,Serbia,2014,1,27
2020,2020-21,Boban Marjanovic,DAL,32,7-4,290,None,Serbia,Undrafted,Undrafted,Undrafted
2020,2020-21,Nikola Jokić,DEN,26,6-11,284,None,Serbia,2014,2,41
2020,2020-21,Alen Smailagic,GSW,20,6-10,215,None,Serbia,2019,2,39
2020,2020-21,Nemanja Bjelica,MIA,33,6-10,234,None,Serbia,2010,2,35
2020,2020-21,Aleksej Pokusevski,OKC,19,7-0,190,None,Serbia,2020,1,17
2020,2020-21,Luka Dončić,DAL,22,6-7,230,None,Slovenia,2018,1,3
2020,2020-21,Vlatko Čančar,DEN,24,6-8,236,None,Slovenia,2017,2,49
2020,2020-21,Goran Dragic,MIA,35,6-3,190,None,Slovenia,2008,2,45
2020,2020-21,Thon Maker,CLE,24,7-0,221,None,South Sudan,2016,1,10
2020,2020-21,Wenyen Gabriel,NOP,24,6-9,205,Kentucky,South Sudan,Undrafted,Undrafted,Undrafted
2020,2020-21,Marc Gasol,LAL,36,6-11,255,None,Spain,2007,2,48
2020,2020-21,Juancho Hernangomez,MIN,25,6-9,214,None,Spain,2016,1,15
2020,2020-21,Ricky Rubio,MIN,30,6-3,190,None,Spain,2009,1,5
2020,2020-21,Willy Hernangomez,NOP,27,6-11,250,None,Spain,2015,2,35
2020,2020-21,Bol Bol,DEN,21,7-2,220,Oregon,Sudan,2019,2,44
2020,2020-21,Clint Capela,ATL,27,6-10,240,None,Switzerland,2014,1,25
2020,2020-21,Cedi Osman,CLE,26,6-7,230,None,Turkey,2015,2,31
2020,2020-21,Furkan Korkmaz,PHI,23,6-7,202,None,Turkey,2016,1,26
2020,2020-21,Enes Freedom,POR,29,6-10,250,None,Turkey,2011,1,3
2020,2020-21,Ersan Ilyasova,UTA,34,6-9,235,None,Turkey,2005,2,36
2020,2020-21,Svi Mykhailiuk,OKC,24,6-7,205,Kansas,Ukraine,2018,2,47
2020,2020-21,Alex Len,WAS,28,7-0,250,Maryland,Ukraine,2013,1,5
2020,2020-21,OG Anunoby,TOR,23,6-7,232,Indiana,United Kingdom,2017,1,23
2019,2019-20,Bruno Fernando,ATL,21,6-9,240,Maryland,Angola,2019,2,34
2019,2019-20,Norvel Pelle,PHI,27,6-10,231,Iona,Antigua and Barbuda,Undrafted,Undrafted,Undrafted
2019,2019-20,Kyrie Irving,BKN,28,6-2,195,Duke,Australia,2011,1,1
2019,2019-20,Dante Exum,CLE,24,6-5,214,None,Australia,2014,1,5
2019,2019-20,Matthew Dellavedova,CLE,29,6-3,200,Saint Mary's,Australia,Undrafted,Undrafted,Undrafted
2019,2019-20,Ben Simmons,PHI,23,6-10,240,Louisiana State,Australia,2016,1,1
2019,2019-20,Ryan Broekhoff,PHI,29,6-6,215,Valparaiso,Australia,Undrafted,Undrafted,Undrafted
2019,2019-20,Aron Baynes,PHX,33,6-10,260,Washington State,Australia,Undrafted,Undrafted,Undrafted
2019,2019-20,Jonah Bolden,PHX,24,6-8,225,UCLA,Australia,2017,2,36
2019,2019-20,Patty Mills,SAS,31,6-1,180,St. Mary's,Australia,2009,2,55
2019,2019-20,Joe Ingles,UTA,32,6-7,220,None,Australia,Undrafted,Undrafted,Undrafted
2019,2019-20,Jakob Poeltl,SAS,24,7-1,245,Utah,Austria,2016,1,9
2019,2019-20,Deandre Ayton,PHX,21,6-11,250,Arizona,Bahamas,2018,1,1
2019,2019-20,Buddy Hield,SAC,27,6-4,220,Oklahoma,Bahamas,2016,1,6
2019,2019-20,Dzanan Musa,BKN,21,6-9,217,None,Bosnia and Herzegovina,2018,1,29
2019,2019-20,Jusuf Nurkić,POR,25,7-0,290,None,Bosnia and Herzegovina,2014,1,16
2019,2019-20,Cristiano Felicio,CHI,27,6-10,270,None,Brazil,Undrafted,Undrafted,Undrafted
2019,2019-20,Bruno Caboclo,HOU,24,6-9,218,None,Brazil,2014,1,20
2019,2019-20,Raul Neto,PHI,28,6-1,180,None,Brazil,2013,2,47
2019,2019-20,Luc Mbah a Moute,HOU,33,6-8,230,UCLA,Cameroon,2008,2,37
2019,2019-20,Joel Embiid,PHI,26,7-0,280,Kansas,Cameroon,2014,1,3
2019,2019-20,Pascal Siakam,TOR,26,6-9,230,New Mexico State,Cameroon,2016,1,27
2019,2019-20,Tristan Thompson,CLE,29,6-9,254,Texas-Austin,Canada,2011,1,4
2019,2019-20,Dwight Powell,DAL,28,6-10,240,Stanford,Canada,2014,2,45
2019,2019-20,Jamal Murray,DEN,23,6-4,215,Kentucky,Canada,2016,1,7
2019,2019-20,Andrew Wiggins,GSW,25,6-7,197,Kansas,Canada,2014,1,1
2019,2019-20,Mychal Mulder,GSW,26,6-3,184,Kentucky,Canada,Undrafted,Undrafted,Undrafted
2019,2019-20,Naz Mitrou-Long,IND,26,6-3,218,Iowa State,Canada,Undrafted,Undrafted,Undrafted
2019,2019-20,Mfiondu Kabengele,LAC,22,6-9,250,Florida State,Canada,2019,1,27
2019,2019-20,Brandon Clarke,MEM,23,6-8,215,Gonzaga,Canada,2019,1,21
2019,2019-20,Dillon Brooks,MEM,24,6-7,225,Oregon,Canada,2017,2,45
2019,2019-20,Kelly Olynyk,MIA,29,6-11,240,Gonzaga,Canada,2013,1,13
2019,2019-20,Kyle Alexander,MIA,23,6-10,216,Tennessee,Canada,Undrafted,Undrafted,Undrafted
2019,2019-20,Nickeil Alexander-Walker,NOP,21,6-5,205,Virginia Tech,Canada,2019,1,17
2019,2019-20,Ignas Brazdeikis,NYK,21,6-6,221,Michigan,Canada,2019,2,47
2019,2019-20,RJ Barrett,NYK,20,6-6,214,Duke,Canada,2019,1,3
2019,2019-20,Luguentz Dort,OKC,21,6-3,215,Arizona State,Canada,Undrafted,Undrafted,Undrafted
2019,2019-20,Shai Gilgeous-Alexander,OKC,21,6-5,180,Kentucky,Canada,2018,1,11
2019,2019-20,Khem Birch,ORL,27,6-9,233,UNLV,Canada,Undrafted,Undrafted,Undrafted
2019,2019-20,Marial Shayok,PHI,24,6-5,198,Iowa State,Canada,2019,2,54
2019,2019-20,Cory Joseph,SAC,28,6-3,200,Texas,Canada,2011,1,29
2019,2019-20,Trey Lyles,SAS,24,6-9,234,Kentucky,Canada,2015,1,12
2019,2019-20,Oshae Brissett,TOR,22,6-7,210,Syracuse,Canada,Undrafted,Undrafted,Undrafted
2019,2019-20,Ante Zizic,CLE,23,6-10,266,None,Croatia,2016,1,23
2019,2019-20,Dragan Bender,GSW,22,7-0,249,None,Croatia,2016,1,4
2019,2019-20,Ivica Zubac,LAC,23,7-0,240,None,Croatia,2016,2,32
2019,2019-20,Dario Saric,PHX,26,6-10,225,None,Croatia,2014,1,12
2019,2019-20,Mario Hezonja,POR,25,6-8,220,None,Croatia,2015,1,5
2019,2019-20,Luka Samanic,SAS,20,6-10,227,None,Croatia,2019,1,19
2019,2019-20,Bojan Bogdanovic,UTA,31,6-8,226,None,Croatia,2011,2,31
2019,2019-20,Tomas Satoransky,CHI,28,6-7,210,None,Czech Republic,2012,2,32
2019,2019-20,Serge Ibaka,TOR,30,7-0,235,None,Democratic Republic of the Congo,2008,1,24
2019,2019-20,Emmanuel Mudiay,UTA,24,6-3,200,None,Democratic Republic of the Congo,2015,1,7
2019,2019-20,Al Horford,PHI,34,6-9,240,Florida,Dominican Republic,2007,1,3
2019,2019-20,Bismack Biyombo,CHA,27,6-8,255,None,DRC,2011,1,7
2019,2019-20,Abdel Nader,OKC,26,6-5,225,Iowa State,Egypt,2016,2,58
2019,2019-20,Lauri Markkanen,CHI,23,7-0,240,Arizona,Finland,2017,1,7
2019,2019-20,Timothe Luwawu-Cabarrot,BKN,25,6-7,220,None,France,2016,1,24
2019,2019-20,Vincent Poirier,BOS,26,7-0,235,None,France,Undrafted,Undrafted,Undrafted
2019,2019-20,Nicolas Batum,CHA,31,6-9,230,None,France,2008,1,25
2019,2019-20,Adam Mokoka,CHI,21,6-5,190,None,France,Undrafted,Undrafted,Undrafted
2019,2019-20,Sekou Doumbouya,DET,19,6-8,230,None,France,2019,1,15
2019,2019-20,William Howard,HOU,26,6-8,207,None,France,Undrafted,Undrafted,Undrafted
2019,2019-20,Frank Ntilikina,NYK,21,6-4,200,None,France,2017,1,8
2019,2019-20,Evan Fournier,ORL,27,6-7,205,None,France,2012,1,20
2019,2019-20,Elie Okobo,PHX,22,6-3,190,None,France,2018,2,31
2019,2019-20,Jaylen Hoard,POR,21,6-8,216,Wake Forest,France,Undrafted,Undrafted,Undrafted
2019,2019-20,Rudy Gobert,UTA,28,7-1,258,None,France,2013,1,27
2019,2019-20,Ian Mahinmi,WAS,33,6-11,262,None,France,2005,1,28
2019,2019-20,Chris Silva,MIA,23,6-8,234,South Carolina,Gabon,Undrafted,Undrafted,Undrafted
2019,2019-20,Goga Bitadze,IND,20,6-11,250,None,Georgia,2019,1,18
2019,2019-20,Daniel Theis,BOS,28,6-8,245,None,Germany,Undrafted,Undrafted,Undrafted
2019,2019-20,Maxi Kleber,DAL,28,6-10,240,None,Germany,Undrafted,Undrafted,Undrafted
2019,2019-20,Isaiah Hartenstein,HOU,22,7-0,250,None,Germany,2017,2,43
2019,2019-20,Dennis Schröder,OKC,26,6-1,172,None,Germany,2013,1,17
2019,2019-20,Isaac Bonga,WAS,20,6-8,180,None,Germany,2018,2,39
2019,2019-20,Moritz Wagner,WAS,23,6-11,245,Michigan,Germany,2018,1,25
2019,2019-20,Kostas Antetokounmpo,LAL,22,6-10,200,Dayton,Greece,2018,2,60
2019,2019-20,Giannis Antetokounmpo,MIL,25,6-11,242,None,Greece,2013,1,15
2019,2019-20,Thanasis Antetokounmpo,MIL,27,6-6,219,None,Greece,2014,2,51
2019,2019-20,Skal Labissiere,ATL,24,6-10,235,Kentucky,Haiti,2016,1,28
2019,2019-20,Nicolo Melli,NOP,29,6-9,236,None,Italy,Undrafted,Undrafted,Undrafted
2019,2019-20,Danilo Gallinari,OKC,31,6-10,233,None,Italy,2008,1,6
2019,2019-20,Marco Belinelli,SAS,34,6-5,220,None,Italy,2007,1,18
2019,2019-20,Yuta Watanabe,MEM,25,6-8,215,George Washington,Japan,Undrafted,Undrafted,Undrafted
2019,2019-20,Rui Hachimura,WAS,22,6-8,230,Gonzaga,Japan,2019,1,9
2019,2019-20,Rodions Kurucs,BKN,22,6-9,228,None,Latvia,2018,2,40
2019,2019-20,Kristaps Porziņģis,DAL,24,7-3,240,None,Latvia,2015,1,4
2019,2019-20,Anžejs Pasečņiks,WAS,24,7-2,229,None,Latvia,2017,1,25
2019,2019-20,Davis Bertans,WAS,27,6-10,225,None,Latvia,2011,2,42
2019,2019-20,Domantas Sabonis,IND,24,6-11,240,Gonzaga,Lithuania,2016,1,11
2019,2019-20,Jonas Valančiūnas,MEM,28,6-11,265,None,Lithuania,2011,1,5
2019,2019-20,Cheick Diallo,PHX,23,6-8,219,Kansas,Mali,2016,2,33
2019,2019-20,Nikola Vučević,ORL,29,6-11,260,Southern California,Montenegro,2011,1,16
2019,2019-20,Steven Adams,OKC,26,6-11,265,Pittsburgh,New Zealand,2013,1,12
2019,2019-20,Josh Okogie,MIN,21,6-4,213,Georgia Tech,Nigeria,2018,1,20
2019,2019-20,J.J. Barea,DAL,36,5-10,180,Northeastern,Puerto Rico,Undrafted,Undrafted,Undrafted
2019,2019-20,Chris Boucher,TOR,27,6-9,200,Oregon,Saint Lucia,Undrafted,Undrafted,Undrafted
2019,2019-20,Tacko Fall,BOS,24,7-5,311,UCF,Senegal,Undrafted,Undrafted,Undrafted
2019,2019-20,Gorgui Dieng,MEM,30,6-10,252,Louisville,Senegal,2013,1,21
2019,2019-20,Boban Marjanovic,DAL,31,7-4,290,None,Serbia,Undrafted,Undrafted,Undrafted
2019,2019-20,Nikola Jokić,DEN,25,7-0,284,None,Serbia,2014,2,41
2019,2019-20,Alen Smailagic,GSW,19,6-10,215,None,Serbia,2019,2,39
2019,2019-20,Marko Guduric,MEM,25,6-6,201,None,Serbia,Undrafted,Undrafted,Undrafted
2019,2019-20,Bogdan Bogdanović,SAC,27,6-6,220,None,Serbia,2014,1,27
2019,2019-20,Nemanja Bjelica,SAC,32,6-10,234,None,Serbia,2010,2,35
2019,2019-20,Luka Dončić,DAL,21,6-7,230,None,Slovenia,2018,1,3
2019,2019-20,Vlatko Čančar,DEN,23,6-8,236,None,Slovenia,2017,2,49
2019,2019-20,Goran Dragic,MIA,34,6-3,190,None,Slovenia,2008,2,45
2019,2019-20,Thon Maker,DET,23,7-0,221,None,South Sudan,2016,1,10
2019,2019-20,Wenyen Gabriel,POR,23,6-9,205,Kentucky,South Sudan,Undrafted,Undrafted,Undrafted
2019,2019-20,Willy Hernangomez,CHA,26,6-11,250,None,Spain,2015,2,35
2019,2019-20,Juancho Hernangomez,MIN,24,6-9,214,None,Spain,2016,1,15
2019,2019-20,Ricky Rubio,PHX,29,6-3,190,None,Spain,2009,1,5
2019,2019-20,Marc Gasol,TOR,35,6-11,255,None,Spain,2007,2,48
2019,2019-20,Bol Bol,DEN,20,7-2,220,Oregon,Sudan,2019,2,44
2019,2019-20,Clint Capela,ATL,26,6-10,240,None,Switzerland,2014,1,25
2019,2019-20,Thabo Sefolosha,HOU,36,6-6,215,None,Switzerland,2006,1,13
2019,2019-20,Enes Freedom,BOS,28,6-10,250,None,Turkey,2011,1,3
2019,2019-20,Cedi Osman,CLE,25,6-7,230,None,Turkey,2015,2,31
2019,2019-20,Ersan Ilyasova,MIL,33,6-9,235,None,Turkey,2005,2,36
2019,2019-20,Furkan Korkmaz,PHI,22,6-7,202,None,Turkey,2016,1,26
2019,2019-20,Svi Mykhailiuk,DET,23,6-7,205,Kansas,Ukraine,2018,2,47
2019,2019-20,Alex Len,SAC,27,7-0,250,Maryland,Ukraine,2013,1,5
2019,2019-20,OG Anunoby,TOR,22,6-7,232,Indiana,United Kingdom,2017,1,23
2019,2019-20,Admiral Schofield,WAS,23,6-5,241,Tennessee,United Kingdom,2019,2,42
2018,2018-19,Isaac Humphries,ATL,21,7-0,260,Kentucky,Australia,Undrafted,Undrafted,Undrafted
2018,2018-19,Aron Baynes,BOS,32,6-10,260,Washington State,Australia,Undrafted,Undrafted,Undrafted
2018,2018-19,Kyrie Irving,BOS,27,6-3,193,Duke,Australia,2011,1,1
2018,2018-19,Matthew Dellavedova,CLE,28,6-4,200,Saint Mary's,Australia,Undrafted,Undrafted,Undrafted
2018,2018-19,Ryan Broekhoff,DAL,28,6-7,215,Valparaiso,Australia,Undrafted,Undrafted,Undrafted
2018,2018-19,Andrew Bogut,GSW,34,7-0,260,Utah,Australia,2005,1,1
2018,2018-19,Mitchell Creek,MIN,27,6-6,225,None,Australia,Undrafted,Undrafted,Undrafted
2018,2018-19,Ben Simmons,PHI,22,6-10,230,Louisiana State,Australia,2016,1,1
2018,2018-19,Jonah Bolden,PHI,23,6-10,220,UCLA,Australia,2017,2,36
2018,2018-19,Patty Mills,SAS,30,6-0,180,St. Mary's,Australia,2009,2,55
2018,2018-19,Dante Exum,UTA,23,6-6,190,None,Australia,2014,1,5
2018,2018-19,Joe Ingles,UTA,31,6-8,226,None,Australia,Undrafted,Undrafted,Undrafted
2018,2018-19,Jakob Poeltl,SAS,23,7-0,230,Utah,Austria,2016,1,9
2018,2018-19,Deandre Ayton,PHX,20,7-1,250,Arizona,Bahamas,2018,1,1
2018,2018-19,Buddy Hield,SAC,26,6-4,214,Oklahoma,Bahamas,2016,1,6
2018,2018-19,Dzanan Musa,BKN,20,6-9,208,None,Bosnia and Herzegovina,2018,1,29
2018,2018-19,Jusuf Nurkić,POR,24,7-0,275,None,Bosnia and Herzegovina,2014,1,16
2018,2018-19,Cristiano Felicio,CHI,26,6-10,265,None,Brazil,Undrafted,Undrafted,Undrafted
2018,2018-19,Nene,HOU,36,6-11,250,None,Brazil,2002,1,7
2018,2018-19,Bruno Caboclo,MEM,23,6-9,218,None,Brazil,2014,1,20
2018,2018-19,Raul Neto,UTA,27,6-1,179,None,Brazil,2013,2,47
2018,2018-19,Luc Mbah a Moute,LAC,32,6-8,230,UCLA,Cameroon,2008,2,37
2018,2018-19,Joel Embiid,PHI,25,7-0,250,Kansas,Cameroon,2014,1,3
2018,2018-19,Pascal Siakam,TOR,25,6-9,230,New Mexico State,Cameroon,2016,1,27
2018,2018-19,Nik Stauskas,CLE,25,6-6,205,Michigan,Canada,2014,1,8
2018,2018-19,Tristan Thompson,CLE,28,6-10,238,Texas-Austin,Canada,2011,1,4
2018,2018-19,Dwight Powell,DAL,27,6-11,240,Stanford,Canada,2014,2,45
2018,2018-19,Jamal Murray,DEN,22,6-4,207,Kentucky,Canada,2016,1,7
2018,2018-19,Trey Lyles,DEN,23,6-10,234,Kentucky,Canada,2015,1,12
2018,2018-19,Cory Joseph,IND,27,6-3,193,Texas,Canada,2011,1,29
2018,2018-19,Shai Gilgeous-Alexander,LAC,20,6-6,181,Kentucky,Canada,2018,1,11
2018,2018-19,Dillon Brooks,MEM,23,6-6,220,Oregon,Canada,2017,2,45
2018,2018-19,Kelly Olynyk,MIA,28,7-0,240,Gonzaga,Canada,2013,1,13
2018,2018-19,Andrew Wiggins,MIN,24,6-8,194,Kansas,Canada,2014,1,1
2018,2018-19,Khem Birch,ORL,26,6-9,233,UNLV,Canada,Undrafted,Undrafted,Undrafted
2018,2018-19,Naz Mitrou-Long,UTA,25,6-4,218,Iowa State,Canada,Undrafted,Undrafted,Undrafted
2018,2018-19,Zhou Qi,HOU,23,7-1,210,None,China,2016,2,43
2018,2018-19,Ante Zizic,CLE,22,6-11,254,None,Croatia,2016,1,23
2018,2018-19,Bojan Bogdanovic,IND,30,6-8,216,None,Croatia,2011,2,31
2018,2018-19,Ivica Zubac,LAC,22,7-1,240,None,Croatia,2016,2,32
2018,2018-19,Dario Saric,MIN,25,6-10,223,None,Croatia,2014,1,12
2018,2018-19,Mario Hezonja,NYK,24,6-8,225,None,Croatia,2015,1,5
2018,2018-19,Dragan Bender,PHX,21,7-1,225,None,Croatia,2016,1,4
2018,2018-19,Tomas Satoransky,WAS,27,6-7,210,None,Czech Republic,2012,2,32
2018,2018-19,Emmanuel Mudiay,NYK,23,6-5,200,None,Democratic Republic of the Congo,2015,1,7
2018,2018-19,Serge Ibaka,TOR,29,6-10,235,None,Democratic Republic of the Congo,2008,1,24
2018,2018-19,Al Horford,BOS,33,6-10,245,Florida,Dominican Republic,2007,1,3
2018,2018-19,Angel Delgado,LAC,24,6-10,245,Seton Hall,Dominican Republic,Undrafted,Undrafted,Undrafted
2018,2018-19,Bismack Biyombo,CHA,26,6-9,255,None,DRC,2011,1,7
2018,2018-19,Abdel Nader,OKC,25,6-6,225,Iowa State,Egypt,2016,2,58
2018,2018-19,Lauri Markkanen,CHI,22,7-0,240,Arizona,Finland,2017,1,7
2018,2018-19,Guerschon Yabusele,BOS,23,6-8,260,None,France,2016,1,16
2018,2018-19,Nicolas Batum,CHA,30,6-8,200,None,France,2008,1,25
2018,2018-19,Tony Parker,CHA,37,6-2,185,None,France,2001,1,28
2018,2018-19,Timothe Luwawu-Cabarrot,CHI,24,6-6,210,None,France,2016,1,24
2018,2018-19,Frank Ntilikina,NYK,20,6-6,200,None,France,2017,1,8
2018,2018-19,Evan Fournier,ORL,26,6-7,205,None,France,2012,1,20
2018,2018-19,Elie Okobo,PHX,21,6-3,190,None,France,2018,2,31
2018,2018-19,Rudy Gobert,UTA,27,7-1,245,None,France,2013,1,27
2018,2018-19,Ian Mahinmi,WAS,32,6-11,262,None,France,2005,1,28
2018,2018-19,Zaza Pachulia,DET,35,6-11,270,None,Georgia,2003,2,42
2018,2018-19,Daniel Theis,BOS,27,6-8,243,None,Germany,Undrafted,Undrafted,Undrafted
2018,2018-19,Dirk Nowitzki,DAL,41,7-0,245,None,Germany,1998,1,9
2018,2018-19,Maxi Kleber,DAL,27,6-11,240,None,Germany,Undrafted,Undrafted,Undrafted
2018,2018-19,Isaiah Hartenstein,HOU,21,7-0,249,None,Germany,2017,2,43
2018,2018-19,Isaac Bonga,LAL,19,6-8,180,None,Germany,2018,2,39
2018,2018-19,Moritz Wagner,LAL,22,6-11,245,Michigan,Germany,2018,1,25
2018,2018-19,Dennis Schröder,OKC,25,6-1,172,None,Germany,2013,1,17
2018,2018-19,Kostas Antetokounmpo,DAL,21,6-10,200,Dayton,Greece,2018,2,60
2018,2018-19,Giannis Antetokounmpo,MIL,24,6-11,242,None,Greece,2013,1,15
2018,2018-19,Skal Labissiere,POR,23,6-11,235,Kentucky,Haiti,2016,1,28
2018,2018-19,Omri Casspi,MEM,31,6-9,225,None,Israel,2009,1,23
2018,2018-19,Danilo Gallinari,LAC,30,6-10,225,None,Italy,2008,1,6
2018,2018-19,Marco Belinelli,SAS,33,6-5,210,None,Italy,2007,1,18
2018,2018-19,Yuta Watanabe,MEM,24,6-9,205,George Washington,Japan,Undrafted,Undrafted,Undrafted
2018,2018-19,Rodions Kurucs,BKN,21,6-9,210,None,Latvia,2018,2,40
2018,2018-19,Dairis Bertans,NOP,29,6-4,200,None,Latvia,Undrafted,Undrafted,Undrafted
2018,2018-19,Davis Bertans,SAS,26,6-10,225,None,Latvia,2011,2,42
2018,2018-19,Domantas Sabonis,IND,23,6-11,240,Gonzaga,Lithuania,2016,1,11
2018,2018-19,Jonas Valančiūnas,MEM,27,7-0,265,None,Lithuania,2011,1,5
2018,2018-19,Donatas Motiejunas,SAS,28,7-0,220,None,Lithuania,2011,1,20
2018,2018-19,Cheick Diallo,NOP,22,6-9,220,Kansas,Mali,2016,2,33
2018,2018-19,Nikola Mirotic,MIL,28,6-10,250,None,Montenegro,2011,1,23
2018,2018-19,Nikola Vučević,ORL,28,7-0,260,Southern California,Montenegro,2011,1,16
2018,2018-19,Steven Adams,OKC,25,7-0,265,Pittsburgh,New Zealand,2013,1,12
2018,2018-19,Josh Okogie,MIN,20,6-4,212,Georgia Tech,Nigeria,2018,1,20
2018,2018-19,Marcin Gortat,LAC,35,6-11,240,None,Poland,2005,2,57
2018,2018-19,J.J. Barea,DAL,35,6-0,185,Northeastern,Puerto Rico,Undrafted,Undrafted,Undrafted
2018,2018-19,Chris Boucher,TOR,26,6-10,200,Oregon,Saint Lucia,Undrafted,Undrafted,Undrafted
2018,2018-19,Gorgui Dieng,MIN,29,6-11,252,Louisville,Senegal,2013,1,21
2018,2018-19,Nikola Jokić,DEN,24,7-0,250,None,Serbia,2014,2,41
2018,2018-19,Milos Teodosic,LAC,32,6-5,196,None,Serbia,Undrafted,Undrafted,Undrafted
2018,2018-19,Boban Marjanovic,PHI,30,7-3,290,None,Serbia,Undrafted,Undrafted,Undrafted
2018,2018-19,Bogdan Bogdanović,SAC,26,6-6,205,None,Serbia,2014,1,27
2018,2018-19,Nemanja Bjelica,SAC,31,6-10,234,None,Serbia,2010,2,35
2018,2018-19,Luka Dončić,DAL,20,6-7,218,None,Slovenia,2018,1,3
2018,2018-19,Goran Dragic,MIA,33,6-3,190,None,Slovenia,2008,2,45
2018,2018-19,Deng Adel,CLE,22,6-7,200,Louisville,South Sudan,Undrafted,Undrafted,Undrafted
2018,2018-19,Thon Maker,DET,22,7-1,221,None,South Sudan,2016,1,10
2018,2018-19,Willy Hernangomez,CHA,25,6-11,240,None,Spain,2015,2,35
2018,2018-19,Juancho Hernangomez,DEN,23,6-9,230,None,Spain,2016,1,15
2018,2018-19,Jose Calderon,DET,37,6-3,200,None,Spain,Undrafted,Undrafted,Undrafted
2018,2018-19,Pau Gasol,MIL,38,7-0,250,None,Spain,2001,1,3
2018,2018-19,Alex Abrines,OKC,25,6-6,200,None,Spain,2013,2,32
2018,2018-19,Marc Gasol,TOR,34,7-1,255,None,Spain,2007,2,48
2018,2018-19,Ricky Rubio,UTA,28,6-4,190,None,Spain,2009,1,5
2018,2018-19,Jonas Jerebko,GSW,32,6-10,231,None,Sweden,2009,2,39
2018,2018-19,Clint Capela,HOU,25,6-10,240,None,Switzerland,2014,1,25
2018,2018-19,Thabo Sefolosha,UTA,35,6-7,220,None,Switzerland,2006,1,13
2018,2018-19,DeVaughn Akoon-Purcell,DEN,26,6-6,200,Illinois State,Trinidad and Tobago,Undrafted,Undrafted,Undrafted
2018,2018-19,Salah Mejri,DAL,33,7-2,235,None,Tunisia,Undrafted,Undrafted,Undrafted
2018,2018-19,Cedi Osman,CLE,24,6-8,215,None,Turkey,2015,2,31
2018,2018-19,Ersan Ilyasova,MIL,32,6-10,235,None,Turkey,2005,2,36
2018,2018-19,Furkan Korkmaz,PHI,21,6-7,190,None,Turkey,2016,1,26
2018,2018-19,Enes Freedom,POR,27,6-11,250,None,Turkey,2011,1,3
2018,2018-19,Alex Len,ATL,26,7-1,250,Maryland,Ukraine,2013,1,5
2018,2018-19,Svi Mykhailiuk,DET,22,6-8,205,Kansas,Ukraine,2018,2,47
2018,2018-19,Luol Deng,MIN,34,6-9,237,Duke,United Kingdom,2004,1,7
2018,2018-19,OG Anunoby,TOR,21,6-8,232,Indiana,United Kingdom,2017,1,23
2017,2017-18,Nicolas Brussino,ATL,25,6-8,195,None,Argentina,Undrafted,Undrafted,Undrafted
2017,2017-18,Manu Ginobili,SAS,40,6-6,205,None,Argentina,1999,2,57
2017,2017-18,Aron Baynes,BOS,31,6-10,260,Washington State,Australia,Undrafted,Undrafted,Undrafted
2017,2017-18,Kyrie Irving,BOS,26,6-3,193,Duke,Australia,2011,1,1
2017,2017-18,Mangok Mathiang,CHA,25,6-10,230,Louisville,Australia,Undrafted,Undrafted,Undrafted
2017,2017-18,Andrew Bogut,LAL,33,7-0,260,Utah,Australia,2005,1,1
2017,2017-18,Matthew Dellavedova,MIL,27,6-4,198,Saint Mary's,Australia,Undrafted,Undrafted,Undrafted
2017,2017-18,Ben Simmons,PHI,21,6-10,230,Louisiana State,Australia,2016,1,1
2017,2017-18,Patty Mills,SAS,29,6-0,185,St. Mary's,Australia,2009,2,55
2017,2017-18,Dante Exum,UTA,22,6-6,190,None,Australia,2014,1,5
2017,2017-18,Joe Ingles,UTA,30,6-8,226,None,Australia,Undrafted,Undrafted,Undrafted
2017,2017-18,Jakob Poeltl,TOR,22,7-0,230,Utah,Austria,2016,1,9
2017,2017-18,Buddy Hield,SAC,25,6-4,214,Oklahoma,Bahamas,2016,1,6
2017,2017-18,Mirza Teletovic,MIL,32,6-9,242,None,Bosnia and Herzegovina,Undrafted,Undrafted,Undrafted
2017,2017-18,Jusuf Nurkić,POR,23,7-0,280,None,Bosnia and Herzegovina,2014,1,16
2017,2017-18,Cristiano Felicio,CHI,25,6-9,280,None,Brazil,Undrafted,Undrafted,Undrafted
2017,2017-18,Nene,HOU,35,6-11,250,None,Brazil,2002,1,7
2017,2017-18,Bruno Caboclo,SAC,22,6-9,205,None,Brazil,2014,1,20
2017,2017-18,Lucas Nogueira,TOR,25,7-0,220,None,Brazil,2013,1,16
2017,2017-18,Raul Neto,UTA,26,6-1,179,None,Brazil,2013,2,47
2017,2017-18,Luc Mbah a Moute,HOU,31,6-8,230,UCLA,Cameroon,2008,2,37
2017,2017-18,Joel Embiid,PHI,24,7-0,250,Kansas,Cameroon,2014,1,3
2017,2017-18,Pascal Siakam,TOR,24,6-9,230,New Mexico State,Cameroon,2016,1,27
2017,2017-18,Nik Stauskas,BKN,24,6-6,205,Michigan,Canada,2014,1,8
2017,2017-18,Tristan Thompson,CLE,27,6-9,238,Texas-Austin,Canada,2011,1,4
2017,2017-18,Dwight Powell,DAL,26,6-11,240,Stanford,Canada,2014,2,45
2017,2017-18,Jamal Murray,DEN,21,6-4,207,Kentucky,Canada,2016,1,7
2017,2017-18,Trey Lyles,DEN,22,6-10,234,Kentucky,Canada,2015,1,12
2017,2017-18,Cory Joseph,IND,26,6-3,190,Texas,Canada,2011,1,29
2017,2017-18,Tyler Ennis,LAL,23,6-3,194,Syracuse,Canada,2014,1,18
2017,2017-18,Dillon Brooks,MEM,22,6-6,220,Oregon,Canada,2017,2,45
2017,2017-18,Xavier Rathan-Mayes,MEM,24,6-4,208,Florida State,Canada,Undrafted,Undrafted,Undrafted
2017,2017-18,Kelly Olynyk,MIA,27,7-0,245,Gonzaga,Canada,2013,1,13
2017,2017-18,Andrew Wiggins,MIN,23,6-8,202,Kansas,Canada,2014,1,1
2017,2017-18,Khem Birch,ORL,25,6-9,220,UNLV,Canada,Undrafted,Undrafted,Undrafted
2017,2017-18,Naz Mitrou-Long,UTA,24,6-4,218,Iowa State,Canada,Undrafted,Undrafted,Undrafted
2017,2017-18,Zhou Qi,HOU,22,7-1,210,None,China,2016,2,43
2017,2017-18,Ante Zizic,CLE,21,6-11,250,None,Croatia,2016,1,23
2017,2017-18,Bojan Bogdanovic,IND,29,6-8,230,None,Croatia,2011,2,31
2017,2017-18,Ivica Zubac,LAL,21,7-1,240,None,Croatia,2016,2,32
2017,2017-18,Mario Hezonja,ORL,23,6-8,218,None,Croatia,2015,1,5
2017,2017-18,Dario Saric,PHI,24,6-10,223,None,Croatia,2014,1,12
2017,2017-18,Dragan Bender,PHX,20,7-1,225,None,Croatia,2016,1,4
2017,2017-18,Tomas Satoransky,WAS,26,6-7,210,None,Czech Republic,2012,2,32
2017,2017-18,Emmanuel Mudiay,NYK,22,6-5,200,None,Democratic Republic of the Congo,2015,1,7
2017,2017-18,Serge Ibaka,TOR,28,6-10,235,None,Democratic Republic of the Congo,2008,1,24
2017,2017-18,Al Horford,BOS,32,6-10,245,Florida,Dominican Republic,2007,1,3
2017,2017-18,Luis Montero,DET,25,6-7,200,Westchester C.C.,Dominican Republic,Undrafted,Undrafted,Undrafted
2017,2017-18,Bismack Biyombo,ORL,25,6-9,255,None,DRC,2011,1,7
2017,2017-18,Abdel Nader,BOS,24,6-6,230,Iowa State,Egypt,2016,2,58
2017,2017-18,Lauri Markkanen,CHI,21,7-0,230,Arizona,Finland,2017,1,7
2017,2017-18,Guerschon Yabusele,BOS,22,6-8,260,None,France,2016,1,16
2017,2017-18,Nicolas Batum,CHA,29,6-8,200,None,France,2008,1,25
2017,2017-18,Frank Ntilikina,NYK,19,6-5,190,None,France,2017,1,8
2017,2017-18,Evan Fournier,ORL,25,6-7,205,None,France,2012,1,20
2017,2017-18,Timothe Luwawu-Cabarrot,PHI,23,6-6,200,None,France,2016,1,24
2017,2017-18,Joffrey Lauvergne,SAS,26,6-11,260,None,France,2013,2,55
2017,2017-18,Tony Parker,SAS,36,6-2,185,None,France,2001,1,28
2017,2017-18,Rudy Gobert,UTA,26,7-1,245,None,France,2013,1,27
2017,2017-18,Ian Mahinmi,WAS,31,6-11,262,None,France,2005,1,28
2017,2017-18,Zaza Pachulia,GSW,34,6-11,270,None,Georgia,2003,2,42
2017,2017-18,Dennis Schröder,ATL,24,6-1,172,None,Germany,2013,1,17
2017,2017-18,Daniel Theis,BOS,26,6-9,243,None,Germany,Undrafted,Undrafted,Undrafted
2017,2017-18,Paul Zipser,CHI,24,6-8,226,None,Germany,2016,2,48
2017,2017-18,Dirk Nowitzki,DAL,40,7-0,245,None,Germany,1998,1,9
2017,2017-18,Maxi Kleber,DAL,26,6-11,220,None,Germany,Undrafted,Undrafted,Undrafted
2017,2017-18,Giannis Antetokounmpo,MIL,23,6-11,222,None,Greece,2013,1,15
2017,2017-18,Georgios Papagiannis,POR,20,7-1,240,None,Greece,2016,1,13
2017,2017-18,Skal Labissiere,SAC,22,6-11,225,Kentucky,Haiti,2016,1,28
2017,2017-18,Omri Casspi,GSW,30,6-9,225,None,Israel,2009,1,23
2017,2017-18,Danilo Gallinari,LAC,29,6-10,225,None,Italy,2008,1,6
2017,2017-18,Marco Belinelli,PHI,32,6-5,210,None,Italy,2007,1,18
2017,2017-18,Omari Johnson,MEM,29,6-9,220,Oregon State,Jamaica,Undrafted,Undrafted,Undrafted
2017,2017-18,Kristaps Porziņģis,NYK,22,7-3,240,None,Latvia,2015,1,4
2017,2017-18,Davis Bertans,SAS,25,6-10,210,None,Latvia,2011,2,42
2017,2017-18,Domantas Sabonis,IND,22,6-10,252,Gonzaga,Lithuania,2016,1,11
2017,2017-18,Mindaugas Kuzminskas,NYK,28,6-9,215,None,Lithuania,Undrafted,Undrafted,Undrafted
2017,2017-18,Jonas Valančiūnas,TOR,26,7-0,255,None,Lithuania,2011,1,5
2017,2017-18,Cheick Diallo,NOP,21,6-9,220,Kansas,Mali,2016,2,33
2017,2017-18,Nikola Mirotic,NOP,27,6-10,238,None,Montenegro,2011,1,23
2017,2017-18,Nikola Vučević,ORL,27,7-0,260,Southern California,Montenegro,2011,1,16
2017,2017-18,Steven Adams,OKC,24,7-0,255,Pittsburgh,New Zealand,2013,1,12
2017,2017-18,Marcin Gortat,WAS,34,6-11,240,None,Poland,2005,2,57
2017,2017-18,Gian Clavell,DAL,24,6-4,185,Colorado State,Puerto Rico,Undrafted,Undrafted,Undrafted
2017,2017-18,J.J. Barea,DAL,34,6-0,185,Northeastern,Puerto Rico,Undrafted,Undrafted,Undrafted
2017,2017-18,Timofey Mozgov,BKN,31,7-1,275,None,Russia,Undrafted,Undrafted,Undrafted
2017,2017-18,Chris Boucher,GSW,25,6-10,200,Oregon,Saint Lucia,Undrafted,Undrafted,Undrafted
2017,2017-18,Gorgui Dieng,MIN,28,6-11,251,Louisville,Senegal,2013,1,21
2017,2017-18,Nikola Jokić,DEN,23,6-10,250,None,Serbia,2014,2,41
2017,2017-18,Boban Marjanovic,LAC,29,7-3,290,None,Serbia,Undrafted,Undrafted,Undrafted
2017,2017-18,Milos Teodosic,LAC,31,6-5,196,None,Serbia,Undrafted,Undrafted,Undrafted
2017,2017-18,Nemanja Bjelica,MIN,30,6-10,230,None,Serbia,2010,2,35
2017,2017-18,Bogdan Bogdanović,SAC,25,6-6,205,None,Serbia,2014,1,27
2017,2017-18,Goran Dragic,MIA,32,6-3,190,None,Slovenia,2008,2,45
2017,2017-18,Thon Maker,MIL,21,7-1,223,None,South Sudan,2016,1,10
2017,2017-18,Willy Hernangomez,CHA,24,6-11,240,None,Spain,2015,2,35
2017,2017-18,Jose Calderon,CLE,36,6-3,200,None,Spain,Undrafted,Undrafted,Undrafted
2017,2017-18,Juancho Hernangomez,DEN,22,6-9,230,None,Spain,2016,1,15
2017,2017-18,Marc Gasol,MEM,33,7-1,255,None,Spain,2007,2,48
2017,2017-18,Alex Abrines,OKC,24,6-6,190,None,Spain,2013,2,32
2017,2017-18,Pau Gasol,SAS,37,7-0,250,None,Spain,2001,1,3
2017,2017-18,Ricky Rubio,UTA,27,6-4,190,None,Spain,2009,1,5
2017,2017-18,Jonas Jerebko,UTA,31,6-10,231,None,Sweden,2009,2,39
2017,2017-18,Clint Capela,HOU,24,6-10,240,None,Switzerland,2014,1,25
2017,2017-18,Thabo Sefolosha,UTA,34,6-7,220,None,Switzerland,2006,1,13
2017,2017-18,Salah Mejri,DAL,32,7-2,235,None,Tunisia,Undrafted,Undrafted,Undrafted
2017,2017-18,Omer Asik,CHI,31,7-0,255,None,Turkey,2008,2,36
2017,2017-18,Cedi Osman,CLE,23,6-8,215,None,Turkey,2015,2,31
2017,2017-18,Enes Freedom,NYK,26,6-11,245,None,Turkey,2011,1,3
2017,2017-18,Ersan Ilyasova,PHI,31,6-10,235,None,Turkey,2005,2,36
2017,2017-18,Furkan Korkmaz,PHI,20,6-7,190,None,Turkey,2016,1,26
2017,2017-18,Joel Bolomboy,MIL,24,6-9,235,Weber State,Ukraine,2016,2,52
2017,2017-18,Alex Len,PHX,25,7-1,250,Maryland,Ukraine,2013,1,5
2017,2017-18,Luol Deng,LAL,33,6-9,220,Duke,United Kingdom,2004,1,7
2017,2017-18,OG Anunoby,TOR,20,6-8,235,Indiana,United Kingdom,2017,1,23
2016,2016-17,Luis Scola,BKN,37,6-9,241,None,Argentina,2002,2,55
2016,2016-17,Nicolas Brussino,DAL,24,6-8,215,None,Argentina,Undrafted,Undrafted,Undrafted
2016,2016-17,Patricio Garino,ORL,24,6-6,203,George Washington,Argentina,Undrafted,Undrafted,Undrafted
2016,2016-17,Manu Ginobili,SAS,39,6-6,205,None,Argentina,1999,2,57
2016,2016-17,Nicolas Laprovittola,SAS,27,6-4,180,None,Argentina,Undrafted,Undrafted,Undrafted
2016,2016-17,Andrew Bogut,CLE,32,7-0,260,Utah,Australia,2005,1,1
2016,2016-17,Kyrie Irving,CLE,25,6-3,193,Duke,Australia,2011,1,1
2016,2016-17,Aron Baynes,DET,30,6-10,260,Washington State,Australia,Undrafted,Undrafted,Undrafted
2016,2016-17,Matthew Dellavedova,MIL,26,6-4,198,Saint Mary's,Australia,Undrafted,Undrafted,Undrafted
2016,2016-17,Patty Mills,SAS,28,6-0,185,St. Mary's,Australia,2009,2,55
2016,2016-17,Dante Exum,UTA,21,6-6,190,None,Australia,2014,1,5
2016,2016-17,Joe Ingles,UTA,29,6-8,226,None,Australia,Undrafted,Undrafted,Undrafted
2016,2016-17,Jakob Poeltl,TOR,21,7-0,230,Utah,Austria,2016,1,9
2016,2016-17,Buddy Hield,SAC,24,6-4,214,Oklahoma,Bahamas,2016,1,6
2016,2016-17,Mirza Teletovic,MIL,31,6-9,245,None,Bosnia and Herzegovina,Undrafted,Undrafted,Undrafted
2016,2016-17,Jusuf Nurkić,POR,22,7-0,280,None,Bosnia and Herzegovina,2014,1,16
2016,2016-17,Cristiano Felicio,CHI,24,6-9,266,None,Brazil,Undrafted,Undrafted,Undrafted
2016,2016-17,Anderson Varejao,GSW,34,6-11,273,None,Brazil,2004,2,30
2016,2016-17,Nene,HOU,34,6-11,250,None,Brazil,2002,1,7
2016,2016-17,Marcelo Huertas,LAL,34,6-3,200,None,Brazil,Undrafted,Undrafted,Undrafted
2016,2016-17,Tiago Splitter,PHI,32,6-11,245,None,Brazil,2007,1,28
2016,2016-17,Leandro Barbosa,PHX,34,6-3,194,None,Brazil,2003,1,28
2016,2016-17,Bruno Caboclo,TOR,21,6-9,205,None,Brazil,2014,1,20
2016,2016-17,Lucas Nogueira,TOR,24,7-0,220,None,Brazil,2013,1,16
2016,2016-17,Raul Neto,UTA,25,6-1,179,None,Brazil,2013,2,47
2016,2016-17,Edy Tavares,CLE,25,7-3,265,None,Cabo Verde,2014,2,43
2016,2016-17,Luc Mbah a Moute,LAC,30,6-8,230,UCLA,Cameroon,2008,2,37
2016,2016-17,Joel Embiid,PHI,23,7-0,250,Kansas,Cameroon,2014,1,3
2016,2016-17,Pascal Siakam,TOR,23,6-9,230,New Mexico State,Cameroon,2016,1,27
2016,2016-17,Andrew Nicholson,BKN,27,6-9,250,St. Bonaventure,Canada,2012,1,19
2016,2016-17,Anthony Bennett,BKN,24,6-8,235,UNLV,Canada,2013,1,1
2016,2016-17,Kelly Olynyk,BOS,26,7-0,238,Gonzaga,Canada,2013,1,13
2016,2016-17,Tristan Thompson,CLE,26,6-9,238,Texas-Austin,Canada,2011,1,4
2016,2016-17,Dwight Powell,DAL,25,6-11,240,Stanford,Canada,2014,2,45
2016,2016-17,Jamal Murray,DEN,20,6-4,207,Kentucky,Canada,2016,1,7
2016,2016-17,Kyle Wiltjer,HOU,24,6-10,240,Gonzaga,Canada,Undrafted,Undrafted,Undrafted
2016,2016-17,Tyler Ennis,LAL,22,6-3,194,Syracuse,Canada,2014,1,18
2016,2016-17,Andrew Wiggins,MIN,22,6-8,199,Kansas,Canada,2014,1,1
2016,2016-17,Nik Stauskas,PHI,23,6-6,205,Michigan,Canada,2014,1,8
2016,2016-17,Joel Anthony,SAS,34,6-9,245,UNLV,Canada,Undrafted,Undrafted,Undrafted
2016,2016-17,Cory Joseph,TOR,25,6-3,190,Texas,Canada,2011,1,29
2016,2016-17,Trey Lyles,UTA,21,6-10,234,Kentucky,Canada,2015,1,12
2016,2016-17,Ivica Zubac,LAL,20,7-1,240,None,Croatia,2016,2,32
2016,2016-17,Damjan Rudez,ORL,31,6-10,228,None,Croatia,Undrafted,Undrafted,Undrafted
2016,2016-17,Mario Hezonja,ORL,22,6-8,218,None,Croatia,2015,1,5
2016,2016-17,Dario Saric,PHI,23,6-10,223,None,Croatia,2014,1,12
2016,2016-17,Dragan Bender,PHX,19,7-1,225,None,Croatia,2016,1,4
2016,2016-17,Bojan Bogdanovic,WAS,28,6-8,225,None,Croatia,2011,2,31
2016,2016-17,Tomas Satoransky,WAS,25,6-7,210,None,Czech Republic,2012,2,32
2016,2016-17,Emmanuel Mudiay,DEN,21,6-5,200,None,Democratic Republic of the Congo,2015,1,7
2016,2016-17,Serge Ibaka,TOR,27,6-10,235,None,Democratic Republic of the Congo,2008,1,24
2016,2016-17,Al Horford,BOS,31,6-10,245,Florida,Dominican Republic,2007,1,3
2016,2016-17,Bismack Biyombo,ORL,24,6-9,255,None,DRC,2011,1,7
2016,2016-17,Nicolas Batum,CHA,28,6-8,200,None,France,2008,1,25
2016,2016-17,Joffrey Lauvergne,CHI,25,6-11,220,None,France,2013,2,55
2016,2016-17,Kevin Seraphin,IND,27,6-10,278,None,France,2010,1,17
2016,2016-17,Alexis Ajinca,NOP,29,7-2,248,None,France,2008,1,20
2016,2016-17,Axel Toupane,NOP,24,6-7,210,None,France,Undrafted,Undrafted,Undrafted
2016,2016-17,Evan Fournier,ORL,24,6-7,205,None,France,2012,1,20
2016,2016-17,Timothe Luwawu-Cabarrot,PHI,22,6-6,205,None,France,2016,1,24
2016,2016-17,Tony Parker,SAS,35,6-2,185,None,France,2001,1,28
2016,2016-17,Boris Diaw,UTA,35,6-8,250,None,France,2003,1,21
2016,2016-17,Rudy Gobert,UTA,25,7-1,245,None,France,2013,1,27
2016,2016-17,Ian Mahinmi,WAS,30,6-11,262,None,France,2005,1,28
2016,2016-17,Zaza Pachulia,GSW,33,6-11,275,None,Georgia,2003,2,42
2016,2016-17,Dennis Schröder,ATL,23,6-1,172,None,Germany,2013,1,17
2016,2016-17,Paul Zipser,CHI,23,6-8,210,None,Germany,2016,2,48
2016,2016-17,Dirk Nowitzki,DAL,39,7-0,245,None,Germany,1998,1,9
2016,2016-17,Ben Bentil,DAL,22,6-9,235,Providence,Ghana,2016,2,51
2016,2016-17,Giannis Antetokounmpo,MIL,22,6-11,222,None,Greece,2013,1,15
2016,2016-17,Georgios Papagiannis,SAC,19,7-1,240,None,Greece,2016,1,13
2016,2016-17,Skal Labissiere,SAC,21,6-11,225,Kentucky,Haiti,2016,1,28
2016,2016-17,Omri Casspi,MIN,29,6-9,225,None,Israel,2009,1,23
2016,2016-17,Marco Belinelli,CHA,31,6-5,210,None,Italy,2007,1,18
2016,2016-17,Danilo Gallinari,DEN,28,6-10,225,None,Italy,2008,1,6
2016,2016-17,Kristaps Porziņģis,NYK,21,7-3,240,None,Latvia,2015,1,4
2016,2016-17,Davis Bertans,SAS,24,6-10,210,None,Latvia,2011,2,42
2016,2016-17,Donatas Motiejunas,NOP,26,7-0,222,None,Lithuania,2011,1,20
2016,2016-17,Mindaugas Kuzminskas,NYK,27,6-9,215,None,Lithuania,Undrafted,Undrafted,Undrafted
2016,2016-17,Domantas Sabonis,OKC,21,6-11,240,Gonzaga,Lithuania,2016,1,11
2016,2016-17,Jonas Valančiūnas,TOR,25,7-0,255,None,Lithuania,2011,1,5
2016,2016-17,Cheick Diallo,NOP,20,6-9,220,Kansas,Mali,2016,2,33
2016,2016-17,Nikola Mirotic,CHI,26,6-10,238,None,Montenegro,2011,1,23
2016,2016-17,Nikola Vučević,ORL,26,7-0,260,Southern California,Montenegro,2011,1,16
2016,2016-17,Steven Adams,OKC,23,7-0,255,Pittsburgh,New Zealand,2013,1,12
2016,2016-17,Marcin Gortat,WAS,33,6-11,240,None,Poland,2005,2,57
2016,2016-17,J.J. Barea,DAL,33,6-0,185,Northeastern,Puerto Rico,Undrafted,Undrafted,Undrafted
2016,2016-17,Timofey Mozgov,LAL,30,7-1,275,None,Russia,Undrafted,Undrafted,Undrafted
2016,2016-17,Gorgui Dieng,MIN,27,6-11,240,Louisville,Senegal,2013,1,21
2016,2016-17,Maurice Ndour,NYK,25,6-9,200,Ohio,Senegal,Undrafted,Undrafted,Undrafted
2016,2016-17,Nikola Jokić,DEN,22,6-10,250,None,Serbia,2014,2,41
2016,2016-17,Boban Marjanovic,DET,28,7-3,290,None,Serbia,Undrafted,Undrafted,Undrafted
2016,2016-17,Nemanja Bjelica,MIN,29,6-10,225,None,Serbia,2010,2,35
2016,2016-17,Beno Udrih,DET,34,6-3,205,None,Slovenia,2004,1,28
2016,2016-17,Goran Dragic,MIA,31,6-3,190,None,Slovenia,2008,2,45
2016,2016-17,Sasha Vujacic,NYK,33,6-7,195,None,Slovenia,2004,1,27
2016,2016-17,Thon Maker,MIL,20,7-1,223,None,South Sudan,2016,1,10
2016,2016-17,Jose Calderon,ATL,35,6-3,200,None,Spain,Undrafted,Undrafted,Undrafted
2016,2016-17,Juancho Hernangomez,DEN,21,6-9,230,None,Spain,2016,1,15
2016,2016-17,Marc Gasol,MEM,32,7-1,255,None,Spain,2007,2,48
2016,2016-17,Ricky Rubio,MIN,26,6-4,190,None,Spain,2009,1,5
2016,2016-17,Willy Hernangomez,NYK,23,6-11,240,None,Spain,2015,2,35
2016,2016-17,Alex Abrines,OKC,23,6-6,190,None,Spain,2013,2,32
2016,2016-17,Sergio Rodriguez,PHI,31,6-3,176,None,Spain,2006,1,27
2016,2016-17,Pau Gasol,SAS,36,7-0,250,None,Spain,2001,1,3
2016,2016-17,Jonas Jerebko,BOS,30,6-10,231,None,Sweden,2009,2,39
2016,2016-17,Thabo Sefolosha,ATL,33,6-7,220,None,Switzerland,2006,1,13
2016,2016-17,Clint Capela,HOU,23,6-10,240,None,Switzerland,2014,1,25
2016,2016-17,Salah Mejri,DAL,31,7-2,245,None,Tunisia,Undrafted,Undrafted,Undrafted
2016,2016-17,Ersan Ilyasova,ATL,30,6-10,235,None,Turkey,2005,2,36
2016,2016-17,Omer Asik,NOP,30,7-0,255,None,Turkey,2008,2,36
2016,2016-17,Enes Freedom,OKC,25,6-11,245,None,Turkey,2011,1,3
2016,2016-17,Alex Len,PHX,24,7-1,260,Maryland,Ukraine,2013,1,5
2016,2016-17,Joel Bolomboy,UTA,23,6-9,235,Weber State,Ukraine,2016,2,52
2016,2016-17,Luol Deng,LAL,32,6-9,220,Duke,United Kingdom,2004,1,7
2016,2016-17,Greivis Vasquez,BKN,30,6-6,217,Maryland,Venezuela,2010,1,28
2015,2015-16,Pablo Prigioni,LAC,39,6-3,185,None,Argentina,Undrafted,Undrafted,Undrafted
2015,2015-16,Manu Ginobili,SAS,38,6-6,205,None,Argentina,1999,2,57
2015,2015-16,Luis Scola,TOR,36,6-9,240,None,Argentina,2002,2,55
2015,2015-16,Kyrie Irving,CLE,24,6-3,193,Duke,Australia,2011,1,1
2015,2015-16,Matthew Dellavedova,CLE,25,6-4,198,Saint Mary's,Australia,Undrafted,Undrafted,Undrafted
2015,2015-16,Aron Baynes,DET,29,6-10,260,Washington State,Australia,Undrafted,Undrafted,Undrafted
2015,2015-16,Cameron Bairstow,DET,25,6-9,250,New Mexico,Australia,2014,2,49
2015,2015-16,Andrew Bogut,GSW,31,7-0,260,Utah,Australia,2005,1,1
2015,2015-16,Patty Mills,SAS,27,6-0,185,St. Mary's,Australia,2009,2,55
2015,2015-16,Joe Ingles,UTA,28,6-8,226,None,Australia,Undrafted,Undrafted,Undrafted
2015,2015-16,Jusuf Nurkić,DEN,21,7-0,280,None,Bosnia and Herzegovina,2014,1,16
2015,2015-16,Mirza Teletovic,PHX,30,6-9,242,None,Bosnia and Herzegovina,Undrafted,Undrafted,Undrafted
2015,2015-16,Tiago Splitter,ATL,31,6-11,245,None,Brazil,2007,1,28
2015,2015-16,Cristiano Felicio,CHI,23,6-10,275,None,Brazil,Undrafted,Undrafted,Undrafted
2015,2015-16,Anderson Varejao,GSW,33,6-11,273,None,Brazil,2004,2,30
2015,2015-16,Leandro Barbosa,GSW,33,6-3,194,None,Brazil,2003,1,28
2015,2015-16,Marcelo Huertas,LAL,33,6-3,200,None,Brazil,Undrafted,Undrafted,Undrafted
2015,2015-16,Bruno Caboclo,TOR,20,6-9,205,None,Brazil,2014,1,20
2015,2015-16,Lucas Nogueira,TOR,23,7-0,220,None,Brazil,2013,1,16
2015,2015-16,Raul Neto,UTA,24,6-1,179,None,Brazil,2013,2,47
2015,2015-16,Nene,WAS,33,6-11,250,None,Brazil,2002,1,7
2015,2015-16,Edy Tavares,ATL,24,7-3,260,None,Cabo Verde,2014,2,43
2015,2015-16,Luc Mbah a Moute,LAC,29,6-8,230,UCLA,Cameroon,2008,2,37
2015,2015-16,Kelly Olynyk,BOS,25,7-0,238,Gonzaga,Canada,2013,1,13
2015,2015-16,Tristan Thompson,CLE,25,6-9,238,Texas-Austin,Canada,2011,1,4
2015,2015-16,Dwight Powell,DAL,24,6-11,240,Stanford,Canada,2014,2,45
2015,2015-16,Joel Anthony,DET,33,6-9,245,UNLV,Canada,Undrafted,Undrafted,Undrafted
2015,2015-16,Robert Sacre,LAL,27,7-0,270,Gonzaga,Canada,2012,2,60
2015,2015-16,Tyler Ennis,MIL,21,6-3,194,Syracuse,Canada,2014,1,18
2015,2015-16,Andrew Wiggins,MIN,21,6-8,199,Kansas,Canada,2014,1,1
2015,2015-16,Andrew Nicholson,ORL,26,6-9,250,St. Bonaventure,Canada,2012,1,19
2015,2015-16,Nik Stauskas,PHI,22,6-6,205,Michigan,Canada,2014,1,8
2015,2015-16,Anthony Bennett,TOR,23,6-8,245,UNLV,Canada,2013,1,1
2015,2015-16,Cory Joseph,TOR,24,6-3,190,Texas,Canada,2011,1,29
2015,2015-16,Trey Lyles,UTA,20,6-10,234,Kentucky,Canada,2015,1,12
2015,2015-16,Bojan Bogdanovic,BKN,27,6-8,216,None,Croatia,2011,2,31
2015,2015-16,Damjan Rudez,MIN,30,6-9,230,None,Croatia,Undrafted,Undrafted,Undrafted
2015,2015-16,Mario Hezonja,ORL,21,6-8,218,None,Croatia,2015,1,5
2015,2015-16,Duje Dukan,SAC,24,6-9,220,Wisconsin,Croatia,Undrafted,Undrafted,Undrafted
2015,2015-16,Emmanuel Mudiay,DEN,20,6-5,200,None,Democratic Republic of the Congo,2015,1,7
2015,2015-16,Serge Ibaka,OKC,26,6-10,245,None,Democratic Republic of the Congo,2008,1,24
2015,2015-16,Al Horford,ATL,30,6-10,245,Florida,Dominican Republic,2007,1,3
2015,2015-16,Luis Montero,POR,23,6-7,185,Westchester C.C.,Dominican Republic,Undrafted,Undrafted,Undrafted
2015,2015-16,Bismack Biyombo,TOR,23,6-9,245,None,DRC,2011,1,7
2015,2015-16,Nicolas Batum,CHA,27,6-8,200,None,France,2008,1,25
2015,2015-16,Axel Toupane,DEN,23,6-7,210,None,France,Undrafted,Undrafted,Undrafted
2015,2015-16,Joffrey Lauvergne,DEN,24,6-11,220,None,France,2013,2,55
2015,2015-16,Ian Mahinmi,IND,29,6-11,250,None,France,2005,1,28
2015,2015-16,Damien Inglis,MIL,21,6-8,246,None,France,2014,2,31
2015,2015-16,Alexis Ajinca,NOP,28,7-2,248,None,France,2008,1,20
2015,2015-16,Kevin Seraphin,NYK,26,6-10,278,None,France,2010,1,17
2015,2015-16,Evan Fournier,ORL,23,6-7,205,None,France,2012,1,20
2015,2015-16,Boris Diaw,SAS,34,6-8,250,None,France,2003,1,21
2015,2015-16,Tony Parker,SAS,34,6-2,185,None,France,2001,1,28
2015,2015-16,Rudy Gobert,UTA,24,7-1,245,None,France,2013,1,27
2015,2015-16,Zaza Pachulia,DAL,32,6-11,275,None,Georgia,2003,2,42
2015,2015-16,Dennis Schröder,ATL,22,6-1,172,None,Germany,2013,1,17
2015,2015-16,Dirk Nowitzki,DAL,38,7-0,245,None,Germany,1998,1,9
2015,2015-16,Tibor Pleiss,UTA,26,7-3,256,None,Germany,2010,2,31
2015,2015-16,Kostas Papanikolaou,DEN,25,6-8,235,None,Greece,2012,2,48
2015,2015-16,Giannis Antetokounmpo,MIL,21,6-11,222,None,Greece,2013,1,15
2015,2015-16,Thanasis Antetokounmpo,NYK,23,6-7,205,None,Greece,2014,2,51
2015,2015-16,Omri Casspi,SAC,28,6-9,225,None,Israel,2009,1,23
2015,2015-16,Andrea Bargnani,BKN,30,7-0,245,None,Italy,2006,1,1
2015,2015-16,Danilo Gallinari,DEN,27,6-10,225,None,Italy,2008,1,6
2015,2015-16,Marco Belinelli,SAC,30,6-5,210,None,Italy,2007,1,18
2015,2015-16,Kristaps Porziņģis,NYK,20,7-3,240,None,Latvia,2015,1,4
2015,2015-16,Donatas Motiejunas,HOU,25,7-0,222,None,Lithuania,2011,1,20
2015,2015-16,Jonas Valančiūnas,TOR,24,7-0,255,None,Lithuania,2011,1,5
2015,2015-16,Jorge Gutierrez,CHA,27,6-3,189,California,Mexico,Undrafted,Undrafted,Undrafted
2015,2015-16,Nikola Mirotic,CHI,25,6-10,220,None,Montenegro,2011,1,23
2015,2015-16,Nikola Pekovic,MIN,30,6-11,307,None,Montenegro,2008,2,31
2015,2015-16,Nikola Vučević,ORL,25,7-0,260,Southern California,Montenegro,2011,1,16
2015,2015-16,Steven Adams,OKC,22,7-0,255,Pittsburgh,New Zealand,2013,1,12
2015,2015-16,Festus Ezeli,GSW,26,6-11,265,Vanderbilt,Nigeria,2012,1,30
2015,2015-16,Marcin Gortat,WAS,32,6-11,240,None,Poland,2005,2,57
2015,2015-16,J.J. Barea,DAL,32,6-0,185,Northeastern,Puerto Rico,Undrafted,Undrafted,Undrafted
2015,2015-16,Sergey Karasev,BKN,22,6-7,208,None,Russia,2013,1,19
2015,2015-16,Sasha Kaun,CLE,31,6-11,260,Kansas,Russia,2008,2,56
2015,2015-16,Timofey Mozgov,CLE,29,7-1,275,None,Russia,Undrafted,Undrafted,Undrafted
2015,2015-16,Gorgui Dieng,MIN,26,6-11,241,Louisville,Senegal,2013,1,21
2015,2015-16,Nikola Jokić,DEN,21,6-10,250,None,Serbia,2014,2,41
2015,2015-16,Nemanja Bjelica,MIN,28,6-10,240,None,Serbia,2010,2,35
2015,2015-16,Boban Marjanovic,SAS,27,7-3,290,None,Serbia,Undrafted,Undrafted,Undrafted
2015,2015-16,Beno Udrih,MEM,33,6-3,205,None,Slovenia,2004,1,28
2015,2015-16,Goran Dragic,MIA,30,6-3,190,None,Slovenia,2008,2,45
2015,2015-16,Sasha Vujacic,NYK,32,6-7,195,None,Slovenia,2004,1,27
2015,2015-16,Pau Gasol,CHI,35,7-0,250,None,Spain,2001,1,3
2015,2015-16,Marc Gasol,MEM,31,7-1,255,None,Spain,2007,2,48
2015,2015-16,Ricky Rubio,MIN,25,6-4,194,None,Spain,2009,1,5
2015,2015-16,Jose Calderon,NYK,34,6-3,200,None,Spain,Undrafted,Undrafted,Undrafted
2015,2015-16,Jonas Jerebko,BOS,29,6-10,231,None,Sweden,2009,2,39
2015,2015-16,Thabo Sefolosha,ATL,32,6-7,220,None,Switzerland,2006,1,13
2015,2015-16,Clint Capela,HOU,22,6-10,240,None,Switzerland,2014,1,25
2015,2015-16,Salah Mejri,DAL,30,7-2,245,None,Tunisia,Undrafted,Undrafted,Undrafted
2015,2015-16,Omer Asik,NOP,29,7-0,255,None,Turkey,2008,2,36
2015,2015-16,Enes Freedom,OKC,24,6-11,245,None,Turkey,2011,1,3
2015,2015-16,Ersan Ilyasova,ORL,29,6-10,235,None,Turkey,2005,2,36
2015,2015-16,Len,PHX,23,7-1,260,Maryland,Ukraine,2013,1,5
2015,2015-16,Luol Deng,MIA,31,6-9,220,Duke,United Kingdom,2004,1,7
2015,2015-16,Tim Duncan,SAS,40,6-11,250,Wake Forest,US Virgin Islands,1997,1,1
2015,2015-16,Greivis Vasquez,MIL,29,6-6,217,Maryland,Venezuela,2010,1,28
2014,2014-15,Pablo Prigioni,HOU,38,6-3,185,None,Argentina,Undrafted,Undrafted,Undrafted
2014,2014-15,Luis Scola,IND,35,6-9,240,None,Argentina,2002,2,55
2014,2014-15,Manu Ginobili,SAS,37,6-6,205,None,Argentina,1999,2,57
2014,2014-15,Cameron Bairstow,CHI,24,6-9,250,New Mexico,Australia,2014,2,49
2014,2014-15,Kyrie Irving,CLE,23,6-3,193,Duke,Australia,2011,1,1
2014,2014-15,Matthew Dellavedova,CLE,24,6-4,200,Saint Mary's,Australia,Undrafted,Undrafted,Undrafted
2014,2014-15,Andrew Bogut,GSW,30,7-0,260,Utah,Australia,2005,1,1
2014,2014-15,Aron Baynes,SAS,28,6-10,260,Washington State,Australia,Undrafted,Undrafted,Undrafted
2014,2014-15,Patty Mills,SAS,26,6-0,185,St. Mary's,Australia,2009,2,55
2014,2014-15,Dante Exum,UTA,19,6-6,190,None,Australia,2014,1,5
2014,2014-15,Joe Ingles,UTA,27,6-8,216,None,Australia,Undrafted,Undrafted,Undrafted
2014,2014-15,Mirza Teletovic,BKN,29,6-9,242,None,Bosnia and Herzegovina,Undrafted,Undrafted,Undrafted
2014,2014-15,Jusuf Nurkić,DEN,20,6-11,280,None,Bosnia and Herzegovina,2014,1,16
2014,2014-15,Anderson Varejao,CLE,32,6-11,267,None,Brazil,2004,2,30
2014,2014-15,Leandro Barbosa,GSW,32,6-3,194,None,Brazil,2003,1,28
2014,2014-15,Tiago Splitter,SAS,30,6-11,245,None,Brazil,2007,1,28
2014,2014-15,Bruno Caboclo,TOR,19,6-9,205,None,Brazil,2014,1,20
2014,2014-15,Lucas Nogueira,TOR,22,7-0,220,None,Brazil,2013,1,16
2014,2014-15,Nene,WAS,32,6-11,250,None,Brazil,2002,1,7
2014,2014-15,Luc Mbah a Moute,PHI,28,6-8,230,UCLA,Cameroon,2008,2,37
2014,2014-15,Kelly Olynyk,BOS,24,7-0,238,Gonzaga,Canada,2013,1,13
2014,2014-15,Tristan Thompson,CLE,24,6-9,238,Texas-Austin,Canada,2011,1,4
2014,2014-15,Dwight Powell,DAL,23,6-11,240,Stanford,Canada,2014,2,45
2014,2014-15,Joel Anthony,DET,32,6-9,245,UNLV,Canada,Undrafted,Undrafted,Undrafted
2014,2014-15,Robert Sacre,LAL,26,7-0,270,Gonzaga,Canada,2012,2,60
2014,2014-15,Tyler Ennis,MIL,20,6-3,175,Syracuse,Canada,2014,1,18
2014,2014-15,Andrew Wiggins,MIN,20,6-8,199,Kansas,Canada,2014,1,1
2014,2014-15,Anthony Bennett,MIN,22,6-8,245,UNLV,Canada,2013,1,1
2014,2014-15,Andrew Nicholson,ORL,25,6-9,250,St. Bonaventure,Canada,2012,1,19
2014,2014-15,Nik Stauskas,SAC,21,6-6,205,Michigan,Canada,2014,1,8
2014,2014-15,Sim Bhullar,SAC,22,7-5,360,New Mexico State,Canada,Undrafted,Undrafted,Undrafted
2014,2014-15,Cory Joseph,SAS,23,6-3,190,Texas,Canada,2011,1,29
2014,2014-15,Bojan Bogdanovic,BKN,26,6-8,216,None,Croatia,2011,2,31
2014,2014-15,Damjan Rudez,IND,29,6-10,200,None,Croatia,Undrafted,Undrafted,Undrafted
2014,2014-15,Serge Ibaka,OKC,25,6-10,245,None,Democratic Republic of the Congo,2008,1,24
2014,2014-15,Al Horford,ATL,29,6-10,250,Florida,Dominican Republic,2007,1,3
2014,2014-15,Francisco Garcia,HOU,33,6-7,215,Louisville,Dominican Republic,2005,1,23
2014,2014-15,Bismack Biyombo,CHA,22,6-9,245,None,DRC,2011,1,7
2014,2014-15,Joffrey Lauvergne,DEN,23,6-11,220,None,France,2013,2,55
2014,2014-15,Ian Mahinmi,IND,28,6-11,250,None,France,2005,1,28
2014,2014-15,Ronny Turiaf,MIN,32,6-10,249,Gonzaga,France,2005,2,37
2014,2014-15,Alexis Ajinca,NOP,27,7-2,248,None,France,2008,1,20
2014,2014-15,Evan Fournier,ORL,22,6-7,205,None,France,2012,1,20
2014,2014-15,Nicolas Batum,POR,26,6-8,200,None,France,2008,1,25
2014,2014-15,Boris Diaw,SAS,33,6-8,250,None,France,2003,1,21
2014,2014-15,Tony Parker,SAS,33,6-2,185,None,France,2001,1,28
2014,2014-15,Rudy Gobert,UTA,23,7-1,245,None,France,2013,1,27
2014,2014-15,Kevin Seraphin,WAS,25,6-10,278,None,France,2010,1,17
2014,2014-15,Zaza Pachulia,MIL,31,6-11,270,None,Georgia,2003,2,42
2014,2014-15,Dennis Schröder,ATL,21,6-1,168,None,Germany,2013,1,17
2014,2014-15,Dirk Nowitzki,DAL,37,7-0,245,None,Germany,1998,1,9
2014,2014-15,Kostas Papanikolaou,HOU,24,6-8,235,None,Greece,2012,2,48
2014,2014-15,Giannis Antetokounmpo,MIL,20,6-11,217,None,Greece,2013,1,15
2014,2014-15,Samuel Dalembert,NYK,35,6-11,255,Seton Hall,Haiti,2001,1,26
2014,2014-15,Gal Mekel,DAL,27,6-3,191,Wichita State,Israel,Undrafted,Undrafted,Undrafted
2014,2014-15,Omri Casspi,SAC,27,6-9,225,None,Israel,2009,1,23
2014,2014-15,Gigi Datome,BOS,27,6-8,215,None,Italy,Undrafted,Undrafted,Undrafted
2014,2014-15,Danilo Gallinari,DEN,26,6-10,225,None,Italy,2008,1,6
2014,2014-15,Andrea Bargnani,NYK,29,7-0,245,None,Italy,2006,1,1
2014,2014-15,Marco Belinelli,SAS,29,6-5,210,None,Italy,2007,1,18
2014,2014-15,Jerome Jordan,BKN,28,7-0,253,Tulsa,Jamaica,2010,2,44
2014,2014-15,Donatas Motiejunas,HOU,24,7-0,255,None,Lithuania,2011,1,20
2014,2014-15,Jonas Valančiūnas,TOR,23,7-0,255,None,Lithuania,2011,1,5
2014,2014-15,Pero Antic,ATL,32,6-11,260,None,Macedonia,Undrafted,Undrafted,Undrafted
2014,2014-15,Jorge Gutierrez,MIL,26,6-3,195,California,Mexico,Undrafted,Undrafted,Undrafted
2014,2014-15,Nikola Mirotic,CHI,24,6-10,220,None,Montenegro,2011,1,23
2014,2014-15,Nikola Pekovic,MIN,29,6-11,295,None,Montenegro,2008,2,31
2014,2014-15,Nikola Vučević,ORL,24,7-0,260,Southern California,Montenegro,2011,1,16
2014,2014-15,Steven Adams,OKC,21,7-0,255,Pittsburgh,New Zealand,2013,1,12
2014,2014-15,Festus Ezeli,GSW,25,6-11,265,Vanderbilt,Nigeria,2012,1,30
2014,2014-15,Marcin Gortat,WAS,31,6-11,240,None,Poland,2005,2,57
2014,2014-15,J.J. Barea,DAL,31,6-0,185,Northeastern,Puerto Rico,Undrafted,Undrafted,Undrafted
2014,2014-15,Andrei Kirilenko,BKN,34,6-9,235,None,Russia,1999,1,24
2014,2014-15,Sergey Karasev,BKN,21,6-7,208,None,Russia,2013,1,19
2014,2014-15,Timofey Mozgov,CLE,28,7-1,250,None,Russia,Undrafted,Undrafted,Undrafted
2014,2014-15,Alexey Shved,NYK,26,6-6,187,None,Russia,Undrafted,Undrafted,Undrafted
2014,2014-15,Gorgui Dieng,MIN,25,6-11,233,Louisville,Senegal,2013,1,21
2014,2014-15,Ognjen Kuzmic,GSW,25,7-0,260,None,Serbia,2012,2,52
2014,2014-15,Miroslav Raduljica,MIN,27,7-0,250,None,Serbia,Undrafted,Undrafted,Undrafted
2014,2014-15,Beno Udrih,MEM,32,6-3,205,None,Slovenia,2004,1,28
2014,2014-15,Goran Dragic,MIA,29,6-3,190,None,Slovenia,2008,2,45
2014,2014-15,Zoran Dragic,MIA,26,6-5,200,None,Slovenia,Undrafted,Undrafted,Undrafted
2014,2014-15,Pau Gasol,CHI,34,7-0,250,None,Spain,2001,1,3
2014,2014-15,Marc Gasol,MEM,30,7-1,265,None,Spain,2007,2,48
2014,2014-15,Ricky Rubio,MIN,24,6-4,192,None,Spain,2009,1,5
2014,2014-15,Jose Calderon,NYK,33,6-3,200,None,Spain,Undrafted,Undrafted,Undrafted
2014,2014-15,Victor Claver,POR,26,6-9,224,None,Spain,2009,1,22
2014,2014-15,Jonas Jerebko,BOS,28,6-10,231,None,Sweden,2009,2,39
2014,2014-15,Jeffery Taylor,CHA,26,6-7,225,Vanderbilt,Sweden,2012,2,31
2014,2014-15,Thabo Sefolosha,ATL,31,6-7,222,None,Switzerland,2006,1,13
2014,2014-15,Clint Capela,HOU,21,6-10,240,None,Switzerland,2014,1,25
2014,2014-15,Hedo Turkoglu,LAC,36,6-10,220,None,Turkey,2000,1,16
2014,2014-15,Ersan Ilyasova,MIL,28,6-10,235,None,Turkey,2005,2,36
2014,2014-15,Omer Asik,NOP,28,7-0,255,None,Turkey,2008,2,36
2014,2014-15,Enes Freedom,OKC,23,6-11,245,None,Turkey,2011,1,3
2014,2014-15,Furkan Aldemir,PHI,23,6-10,240,None,Turkey,2012,2,53
2014,2014-15,Alex Len,PHX,22,7-1,255,Maryland,Ukraine,2013,1,5
2014,2014-15,Luol Deng,MIA,30,6-9,220,Duke,United Kingdom,2004,1,7
2014,2014-15,Joel Freeland,POR,28,6-10,225,None,United Kingdom,2006,1,30
2014,2014-15,Tim Duncan,SAS,39,6-11,250,Wake Forest,US Virgin Islands,1997,1,1
2014,2014-15,Greivis Vasquez,TOR,28,6-6,200,Maryland,Venezuela,2010,1,28
2013,2013-14,Luis Scola,IND,34,6-9,240,None,Argentina,2002,2,55
2013,2013-14,Pablo Prigioni,NYK,37,6-3,185,None,Argentina,Undrafted,Undrafted,Undrafted
2013,2013-14,Manu Ginobili,SAS,36,6-6,205,None,Argentina,1999,2,57
2013,2013-14,Kyrie Irving,CLE,22,6-3,193,Duke,Australia,2011,1,1
2013,2013-14,Matthew Dellavedova,CLE,23,6-4,200,Saint Mary's,Australia,Undrafted,Undrafted,Undrafted
2013,2013-14,Andrew Bogut,GSW,29,7-0,260,Utah,Australia,2005,1,1
2013,2013-14,Aron Baynes,SAS,27,6-10,260,Washington State,Australia,Undrafted,Undrafted,Undrafted
2013,2013-14,Patty Mills,SAS,25,6-0,185,St. Mary's,Australia,2009,2,55
2013,2013-14,Mirza Teletovic,BKN,28,6-9,242,None,Bosnia and Herzegovina,Undrafted,Undrafted,Undrafted
2013,2013-14,Vitor Faverani,BOS,26,6-11,260,None,Brazil,Undrafted,Undrafted,Undrafted
2013,2013-14,Anderson Varejao,CLE,31,6-11,267,None,Brazil,2004,2,30
2013,2013-14,Leandro Barbosa,PHX,31,6-3,194,None,Brazil,2003,1,28
2013,2013-14,Tiago Splitter,SAS,29,6-11,245,None,Brazil,2007,1,28
2013,2013-14,Nene,WAS,31,6-11,250,None,Brazil,2002,1,7
2013,2013-14,Luc Mbah a Moute,MIN,27,6-8,230,UCLA,Cameroon,2008,2,37
2013,2013-14,Joel Anthony,BOS,31,6-9,245,UNLV,Canada,Undrafted,Undrafted,Undrafted
2013,2013-14,Kelly Olynyk,BOS,23,7-0,238,Gonzaga,Canada,2013,1,13
2013,2013-14,Anthony Bennett,CLE,21,6-8,259,UNLV,Canada,2013,1,1
2013,2013-14,Tristan Thompson,CLE,23,6-9,238,Texas-Austin,Canada,2011,1,4
2013,2013-14,Robert Sacre,LAL,25,7-0,260,Gonzaga,Canada,2012,2,60
2013,2013-14,Steve Nash,LAL,40,6-3,178,Santa Clara,Canada,1996,1,15
2013,2013-14,Andrew Nicholson,ORL,24,6-9,250,St. Bonaventure,Canada,2012,1,19
2013,2013-14,Cory Joseph,SAS,22,6-3,190,Texas,Canada,2011,1,29
2013,2013-14,Jan Vesely,DEN,24,7-0,242,None,Czech Republic,2011,1,6
2013,2013-14,Serge Ibaka,OKC,24,6-10,245,None,Democratic Republic of the Congo,2008,1,24
2013,2013-14,Al Horford,ATL,28,6-10,250,Florida,Dominican Republic,2007,1,3
2013,2013-14,Francisco Garcia,HOU,32,6-7,195,Louisville,Dominican Republic,2005,1,23
2013,2013-14,Bismack Biyombo,CHA,21,6-9,245,None,DRC,2011,1,7
2013,2013-14,Erik Murphy,CHI,23,6-10,230,Florida,Finland,2013,2,49
2013,2013-14,Evan Fournier,DEN,21,6-6,200,None,France,2012,1,20
2013,2013-14,Ian Mahinmi,IND,27,6-11,250,None,France,2005,1,28
2013,2013-14,Ronny Turiaf,MIN,31,6-10,241,Gonzaga,France,2005,2,37
2013,2013-14,Alexis Ajinca,NOP,26,7-2,248,None,France,2008,1,20
2013,2013-14,Nicolas Batum,POR,25,6-8,200,None,France,2008,1,25
2013,2013-14,Boris Diaw,SAS,32,6-8,250,None,France,2003,1,21
2013,2013-14,Tony Parker,SAS,32,6-2,185,None,France,2001,1,28
2013,2013-14,Nando De Colo,TOR,27,6-5,195,None,France,2009,2,53
2013,2013-14,Rudy Gobert,UTA,22,7-1,245,None,France,2013,1,27
2013,2013-14,Kevin Seraphin,WAS,24,6-10,278,None,France,2010,1,17
2013,2013-14,Tornike Shengelia,CHI,22,6-9,220,None,Georgia,2012,2,54
2013,2013-14,Zaza Pachulia,MIL,30,6-11,275,None,Georgia,2003,2,42
2013,2013-14,Dennis Schröder,ATL,20,6-1,168,None,Germany,2013,1,17
2013,2013-14,Dirk Nowitzki,DAL,36,7-0,245,None,Germany,1998,1,9
2013,2013-14,Elias Harris,LAL,24,6-8,239,Gonzaga,Germany,Undrafted,Undrafted,Undrafted
2013,2013-14,Giannis Antetokounmpo,MIL,19,6-9,205,None,Greece,2013,1,15
2013,2013-14,Samuel Dalembert,DAL,34,6-11,250,Seton Hall,Haiti,2001,1,26
2013,2013-14,Gal Mekel,DAL,26,6-3,191,Wichita State,Israel,Undrafted,Undrafted,Undrafted
2013,2013-14,Omri Casspi,HOU,26,6-9,225,None,Israel,2009,1,23
2013,2013-14,Gigi Datome,DET,26,6-8,215,None,Italy,Undrafted,Undrafted,Undrafted
2013,2013-14,Andrea Bargnani,NYK,28,7-0,250,None,Italy,2006,1,1
2013,2013-14,Marco Belinelli,SAS,28,6-5,210,None,Italy,2007,1,18
2013,2013-14,Andris Biedrins,UTA,28,7-0,250,None,Latvia,2004,1,11
2013,2013-14,Donatas Motiejunas,HOU,23,7-0,222,None,Lithuania,2011,1,20
2013,2013-14,Jonas Valančiūnas,TOR,22,6-11,231,None,Lithuania,2011,1,5
2013,2013-14,Pero Antic,ATL,31,6-11,260,None,Macedonia,Undrafted,Undrafted,Undrafted
2013,2013-14,Gustavo Ayon,ATL,29,6-10,250,None,Mexico,Undrafted,Undrafted,Undrafted
2013,2013-14,Jorge Gutierrez,BKN,25,6-3,195,California,Mexico,Undrafted,Undrafted,Undrafted
2013,2013-14,Nikola Pekovic,MIN,28,6-11,285,None,Montenegro,2008,2,31
2013,2013-14,Nikola Vučević,ORL,23,7-0,250,Southern California,Montenegro,2011,1,16
2013,2013-14,Steven Adams,OKC,20,7-0,255,Pittsburgh,New Zealand,2013,1,12
2013,2013-14,Marcin Gortat,WAS,30,6-11,240,None,Poland,2005,2,57
2013,2013-14,J.J. Barea,MIN,30,6-0,178,Northeastern,Puerto Rico,Undrafted,Undrafted,Undrafted
2013,2013-14,Andrei Kirilenko,BKN,33,6-9,235,None,Russia,1999,1,24
2013,2013-14,Sergey Karasev,CLE,20,6-7,196,None,Russia,2013,1,19
2013,2013-14,Timofey Mozgov,DEN,27,7-1,250,None,Russia,Undrafted,Undrafted,Undrafted
2013,2013-14,Alexey Shved,MIN,25,6-6,187,None,Russia,Undrafted,Undrafted,Undrafted
2013,2013-14,Gorgui Dieng,MIN,24,6-11,238,Louisville,Senegal,2013,1,21
2013,2013-14,Hamady Ndiaye,SAC,27,7-0,235,Rutgers,Senegal,2010,2,56
2013,2013-14,Nemanja Nedovic,GSW,23,6-3,192,None,Serbia,2013,1,30
2013,2013-14,Ognjen Kuzmic,GSW,24,7-0,251,None,Serbia,2012,2,52
2013,2013-14,Miroslav Raduljica,MIL,26,7-0,250,None,Serbia,Undrafted,Undrafted,Undrafted
2013,2013-14,Sasha Vujacic,LAC,30,6-7,205,None,Slovenia,2004,1,27
2013,2013-14,Beno Udrih,MEM,31,6-3,210,None,Slovenia,2004,1,28
2013,2013-14,Goran Dragic,PHX,28,6-3,190,None,Slovenia,2008,2,45
2013,2013-14,Jose Calderon,DAL,32,6-3,211,None,Spain,Undrafted,Undrafted,Undrafted
2013,2013-14,Pau Gasol,LAL,33,7-0,250,None,Spain,2001,1,3
2013,2013-14,Marc Gasol,MEM,29,7-1,265,None,Spain,2007,2,48
2013,2013-14,Ricky Rubio,MIN,23,6-4,185,None,Spain,2009,1,5
2013,2013-14,Victor Claver,POR,25,6-9,224,None,Spain,2009,1,22
2013,2013-14,Jeffery Taylor,CHA,25,6-7,225,Vanderbilt,Sweden,2012,2,31
2013,2013-14,Jonas Jerebko,DET,27,6-10,231,None,Sweden,2009,2,39
2013,2013-14,Thabo Sefolosha,OKC,30,6-7,222,None,Switzerland,2006,1,13
2013,2013-14,Hasheem Thabeet,OKC,27,7-3,263,Connecticut,Tanzania,2009,1,2
2013,2013-14,Omer Asik,HOU,27,7-0,255,None,Turkey,2008,2,36
2013,2013-14,Hedo Turkoglu,LAC,35,6-10,220,None,Turkey,2000,1,16
2013,2013-14,Ersan Ilyasova,MIL,27,6-10,235,None,Turkey,2005,2,36
2013,2013-14,Enes Freedom,UTA,22,6-11,247,None,Turkey,2011,1,3
2013,2013-14,Alex Len,PHX,21,7-1,255,Maryland,Ukraine,2013,1,5
2013,2013-14,Viacheslav Kravtsov,PHX,26,6-11,254,None,Ukraine,Undrafted,Undrafted,Undrafted
2013,2013-14,Luol Deng,CLE,29,6-9,220,Duke,United Kingdom,2004,1,7
2013,2013-14,Joel Freeland,POR,27,6-10,225,None,United Kingdom,2006,1,30
2013,2013-14,Tim Duncan,SAS,38,6-11,250,Wake Forest,US Virgin Islands,1997,1,1
2013,2013-14,Greivis Vasquez,TOR,27,6-6,211,Maryland,Venezuela,2010,1,28
2012,2012-13,Carlos Delfino,HOU,30,6-6,230,None,Argentina,2003,1,25
2012,2012-13,Pablo Prigioni,NYK,36,6-3,185,None,Argentina,Undrafted,Undrafted,Undrafted
2012,2012-13,Luis Scola,PHX,33,6-9,245,None,Argentina,2002,2,55
2012,2012-13,Manu Ginobili,SAS,35,6-6,205,None,Argentina,1999,2,57
2012,2012-13,Kyrie Irving,CLE,21,6-3,191,Duke,Australia,2011,1,1
2012,2012-13,Andrew Bogut,GSW,28,7-0,260,Utah,Australia,2005,1,1
2012,2012-13,Aron Baynes,SAS,26,6-10,260,Washington State,Australia,Undrafted,Undrafted,Undrafted
2012,2012-13,Patty Mills,SAS,24,6-0,185,St. Mary's,Australia,2009,2,55
2012,2012-13,Mirza Teletovic,BKN,27,6-9,255,None,Bosnia and Herzegovina,Undrafted,Undrafted,Undrafted
2012,2012-13,Fab Melo,BOS,23,7-0,255,Syracuse,Brazil,2012,1,22
2012,2012-13,Leandro Barbosa,BOS,30,6-3,194,None,Brazil,2003,1,28
2012,2012-13,Anderson Varejao,CLE,30,6-11,260,None,Brazil,2004,2,30
2012,2012-13,Tiago Splitter,SAS,28,6-11,240,None,Brazil,2007,1,28
2012,2012-13,Nene,WAS,30,6-11,250,None,Brazil,2002,1,7
2012,2012-13,Luc Mbah a Moute,MIL,26,6-8,230,UCLA,Cameroon,2008,2,37
2012,2012-13,Kris Joseph,BKN,24,6-7,210,Syracuse,Canada,2012,2,51
2012,2012-13,Tristan Thompson,CLE,22,6-9,227,Texas-Austin,Canada,2011,1,4
2012,2012-13,Robert Sacre,LAL,24,7-0,260,Gonzaga,Canada,2012,2,60
2012,2012-13,Steve Nash,LAL,39,6-3,178,Santa Clara,Canada,1996,1,15
2012,2012-13,Joel Anthony,MIA,30,6-9,245,UNLV,Canada,Undrafted,Undrafted,Undrafted
2012,2012-13,Andrew Nicholson,ORL,23,6-9,250,St. Bonaventure,Canada,2012,1,19
2012,2012-13,Cory Joseph,SAS,21,6-3,185,Texas,Canada,2011,1,29
2012,2012-13,Jan Vesely,WAS,23,6-11,240,None,Czech Republic,2011,1,6
2012,2012-13,Serge Ibaka,OKC,23,6-10,235,None,Democratic Republic of the Congo,2008,1,24
2012,2012-13,Al Horford,ATL,27,6-10,250,Florida,Dominican Republic,2007,1,3
2012,2012-13,Francisco Garcia,HOU,31,6-7,195,Louisville,Dominican Republic,2005,1,23
2012,2012-13,Bismack Biyombo,CHA,20,6-9,245,None,DRC,2011,1,7
2012,2012-13,Johan Petro,ATL,27,7-0,247,None,France,2005,1,25
2012,2012-13,Rodrigue Beaubois,DAL,25,6-2,185,None,France,2009,1,25
2012,2012-13,Evan Fournier,DEN,20,6-6,200,None,France,2012,1,20
2012,2012-13,Ian Mahinmi,IND,26,6-11,230,None,France,2005,1,28
2012,2012-13,Ronny Turiaf,LAC,30,6-10,249,Gonzaga,France,2005,2,37
2012,2012-13,Mickael Gelabale,MIN,30,6-7,215,None,France,2005,2,48
2012,2012-13,Nicolas Batum,POR,24,6-8,200,None,France,2008,1,25
2012,2012-13,Boris Diaw,SAS,31,6-8,235,None,France,2003,1,21
2012,2012-13,Nando De Colo,SAS,26,6-5,200,None,France,2009,2,53
2012,2012-13,Tony Parker,SAS,31,6-2,185,None,France,2001,1,28
2012,2012-13,Mickael Pietrus,TOR,31,6-6,215,None,France,2003,1,11
2012,2012-13,Kevin Seraphin,WAS,23,6-9,275,None,France,2010,1,17
2012,2012-13,Zaza Pachulia,ATL,29,6-11,275,None,Georgia,2003,2,42
2012,2012-13,Tornike Shengelia,BKN,21,6-9,240,None,Georgia,2012,2,54
2012,2012-13,Dirk Nowitzki,DAL,35,7-0,245,None,Germany,1998,1,9
2012,2012-13,Tim Ohlbrecht,HOU,24,6-11,255,None,Germany,Undrafted,Undrafted,Undrafted
2012,2012-13,Samuel Dalembert,MIL,33,6-11,250,Seton Hall,Haiti,2001,1,26
2012,2012-13,Hamed Haddadi,PHX,28,7-2,265,None,Iran,Undrafted,Undrafted,Undrafted
2012,2012-13,Omri Casspi,CLE,25,6-9,225,None,Israel,2009,1,23
2012,2012-13,Marco Belinelli,CHI,27,6-5,195,None,Italy,2007,1,18
2012,2012-13,Danilo Gallinari,DEN,24,6-10,225,None,Italy,2008,1,6
2012,2012-13,Andrea Bargnani,TOR,27,7-0,256,None,Italy,2006,1,1
2012,2012-13,Samardo Samuels,CLE,24,6-9,260,Louisville,Jamaica,Undrafted,Undrafted,Undrafted
2012,2012-13,Andris Biedrins,GSW,27,7-0,242,None,Latvia,2004,1,11
2012,2012-13,Donatas Motiejunas,HOU,22,7-0,222,None,Lithuania,2011,1,20
2012,2012-13,Jonas Valančiūnas,TOR,21,6-11,231,None,Lithuania,2011,1,5
2012,2012-13,Linas Kleiza,TOR,28,6-8,234,Missouri,Lithuania,2005,1,27
2012,2012-13,Gustavo Ayon,MIL,28,6-10,250,None,Mexico,Undrafted,Undrafted,Undrafted
2012,2012-13,Nikola Pekovic,MIN,27,6-11,290,None,Montenegro,2008,2,31
2012,2012-13,Nikola Vučević,ORL,22,7-0,240,Southern California,Montenegro,2011,1,16
2012,2012-13,Sasha Pavlovic,POR,29,6-7,235,None,Montenegro,2003,1,19
2012,2012-13,Festus Ezeli,GSW,23,6-11,255,Vanderbilt,Nigeria,2012,1,30
2012,2012-13,Marcin Gortat,PHX,29,6-11,240,None,Poland,2005,2,57
2012,2012-13,J.J. Barea,MIN,29,6-0,175,Northeastern,Puerto Rico,Undrafted,Undrafted,Undrafted
2012,2012-13,Timofey Mozgov,DEN,26,7-1,250,None,Russia,Undrafted,Undrafted,Undrafted
2012,2012-13,Alexey Shved,MIN,24,6-6,182,None,Russia,Undrafted,Undrafted,Undrafted
2012,2012-13,Andrei Kirilenko,MIN,32,6-9,235,None,Russia,1999,1,24
2012,2012-13,DeSagana Diop,CHA,31,7-0,280,None,Senegal,2001,1,8
2012,2012-13,Darko Milicic,BOS,28,7-0,275,None,Serbia,2003,1,2
2012,2012-13,Vladimir Radmanovic,CHI,32,6-10,235,None,Serbia,2001,1,12
2012,2012-13,Beno Udrih,ORL,30,6-3,203,None,Slovenia,2004,1,28
2012,2012-13,Goran Dragic,PHX,27,6-3,190,None,Slovenia,2008,2,45
2012,2012-13,Jose Calderon,DET,31,6-3,211,None,Spain,Undrafted,Undrafted,Undrafted
2012,2012-13,Pau Gasol,LAL,32,7-0,250,None,Spain,2001,1,3
2012,2012-13,Marc Gasol,MEM,28,7-1,265,None,Spain,2007,2,48
2012,2012-13,Ricky Rubio,MIN,22,6-4,180,None,Spain,2009,1,5
2012,2012-13,Victor Claver,POR,24,6-9,224,None,Spain,2009,1,22
2012,2012-13,Jeffery Taylor,CHA,24,6-7,225,Vanderbilt,Sweden,2012,2,31
2012,2012-13,Jonas Jerebko,DET,26,6-10,231,None,Sweden,2009,2,39
2012,2012-13,Thabo Sefolosha,OKC,29,6-7,215,None,Switzerland,2006,1,13
2012,2012-13,Hasheem Thabeet,OKC,26,7-3,263,Connecticut,Tanzania,2009,1,2
2012,2012-13,Omer Asik,HOU,26,7-0,255,None,Turkey,2008,2,36
2012,2012-13,Ersan Ilyasova,MIL,26,6-10,235,None,Turkey,2005,2,36
2012,2012-13,Hedo Turkoglu,ORL,34,6-10,220,None,Turkey,2000,1,16
2012,2012-13,Enes Freedom,UTA,21,6-11,267,None,Turkey,2011,1,3
2012,2012-13,Viacheslav Kravtsov,DET,25,6-11,247,None,Ukraine,Undrafted,Undrafted,Undrafted
2012,2012-13,Luol Deng,CHI,28,6-9,220,Duke,United Kingdom,2004,1,7
2012,2012-13,Joel Freeland,POR,26,6-10,225,None,United Kingdom,2006,1,30
2012,2012-13,Tim Duncan,SAS,37,6-11,255,Wake Forest,US Virgin Islands,1997,1,1
2012,2012-13,Greivis Vasquez,NOH,26,6-6,211,Maryland,Venezuela,2010,1,28
2011,2011-12,Luis Scola,HOU,32,6-9,245,None,Argentina,2002,2,55
2011,2011-12,Carlos Delfino,MIL,29,6-6,230,None,Argentina,2003,1,25
2011,2011-12,Andres Nocioni,PHI,32,6-7,225,None,Argentina,Undrafted,Undrafted,Undrafted
2011,2011-12,Manu Ginobili,SAS,34,6-6,205,None,Argentina,1999,2,57
2011,2011-12,Kyrie Irving,CLE,20,6-3,191,Duke,Australia,2011,1,1
2011,2011-12,Andrew Bogut,MIL,27,7-0,260,Utah,Australia,2005,1,1
2011,2011-12,Patty Mills,SAS,23,6-0,185,St. Mary's,Australia,2009,2,55
2011,2011-12,Anderson Varejao,CLE,29,6-11,260,None,Brazil,2004,2,30
2011,2011-12,Leandro Barbosa,IND,29,6-3,194,None,Brazil,2003,1,28
2011,2011-12,Tiago Splitter,SAS,27,6-11,240,None,Brazil,2007,1,28
2011,2011-12,Nene,WAS,29,6-11,250,None,Brazil,2002,1,7
2011,2011-12,Luc Mbah a Moute,MIL,25,6-8,230,UCLA,Cameroon,2008,2,37
2011,2011-12,Tristan Thompson,CLE,21,6-9,227,Texas-Austin,Canada,2011,1,4
2011,2011-12,Joel Anthony,MIA,29,6-9,245,UNLV,Canada,Undrafted,Undrafted,Undrafted
2011,2011-12,Steve Nash,PHX,38,6-3,178,Santa Clara,Canada,1996,1,15
2011,2011-12,Cory Joseph,SAS,20,6-3,185,Texas,Canada,2011,1,29
2011,2011-12,Jamaal Magloire,TOR,34,6-11,265,Kentucky,Canada,2000,1,19
2011,2011-12,Yi Jianlian,DAL,24,7-0,250,None,China,2007,1,6
2011,2011-12,Christian Eyenga,LAL,23,6-7,210,None,Congo,2009,1,30
2011,2011-12,Jan Vesely,WAS,22,6-11,240,None,Czech Republic,2011,1,6
2011,2011-12,Serge Ibaka,OKC,22,6-10,235,None,Democratic Republic of the Congo,2008,1,24
2011,2011-12,Al Horford,ATL,26,6-10,250,Florida,Dominican Republic,2007,1,3
2011,2011-12,Francisco Garcia,SAC,30,6-7,195,Louisville,Dominican Republic,2005,1,23
2011,2011-12,Bismack Biyombo,CHA,19,6-9,245,None,DRC,2011,1,7
2011,2011-12,Mickael Pietrus,BOS,30,6-6,215,None,France,2003,1,11
2011,2011-12,Ian Mahinmi,DAL,25,6-11,230,None,France,2005,1,28
2011,2011-12,Rodrigue Beaubois,DAL,24,6-2,185,None,France,2009,1,25
2011,2011-12,Ronny Turiaf,MIA,29,6-10,245,Gonzaga,France,2005,2,37
2011,2011-12,Johan Petro,NJN,26,7-0,247,None,France,2005,1,25
2011,2011-12,Nicolas Batum,POR,23,6-8,200,None,France,2008,1,25
2011,2011-12,Boris Diaw,SAS,30,6-8,235,None,France,2003,1,21
2011,2011-12,Tony Parker,SAS,30,6-2,185,None,France,2001,1,28
2011,2011-12,Kevin Seraphin,WAS,22,6-9,275,None,France,2010,1,17
2011,2011-12,Zaza Pachulia,ATL,28,6-11,275,None,Georgia,2003,2,42
2011,2011-12,Dirk Nowitzki,DAL,34,7-0,245,None,Germany,1998,1,9
2011,2011-12,Samuel Dalembert,HOU,32,6-11,250,Seton Hall,Haiti,2001,1,26
2011,2011-12,Hamed Haddadi,MEM,27,7-2,265,None,Iran,Undrafted,Undrafted,Undrafted
2011,2011-12,Omri Casspi,CLE,24,6-9,225,None,Israel,2009,1,23
2011,2011-12,Danilo Gallinari,DEN,23,6-10,225,None,Italy,2008,1,6
2011,2011-12,Marco Belinelli,NOH,26,6-5,195,None,Italy,2007,1,18
2011,2011-12,Andrea Bargnani,TOR,26,7-0,256,None,Italy,2006,1,1
2011,2011-12,Samardo Samuels,CLE,23,6-9,260,Louisville,Jamaica,Undrafted,Undrafted,Undrafted
2011,2011-12,Jerome Jordan,NYK,25,7-0,240,Tulsa,Jamaica,2010,2,44
2011,2011-12,Andris Biedrins,GSW,26,7-0,242,None,Latvia,2004,1,11
2011,2011-12,Linas Kleiza,TOR,27,6-8,234,Missouri,Lithuania,2005,1,27
2011,2011-12,Eduardo Najera,CHA,35,6-8,235,Oklahoma,Mexico,2000,2,38
2011,2011-12,Gustavo Ayon,NOH,27,6-10,250,None,Mexico,Undrafted,Undrafted,Undrafted
2011,2011-12,Sasha Pavlovic,BOS,28,6-7,235,None,Montenegro,2003,1,19
2011,2011-12,Nikola Pekovic,MIN,26,6-11,290,None,Montenegro,2008,2,31
2011,2011-12,Nikola Vučević,PHI,21,7-0,240,Southern California,Montenegro,2011,1,16
2011,2011-12,Dan Gadzuric,NYK,34,6-11,240,UCLA,Netherlands,2002,2,33
2011,2011-12,Francisco Elson,PHI,36,7-0,240,California,Netherlands,1999,2,41
2011,2011-12,Solomon Alabi,TOR,24,7-1,252,Florida State,Nigeria,2010,2,50
2011,2011-12,Gary Forbes,TOR,27,6-7,220,Massachusetts,Panama,Undrafted,Undrafted,Undrafted
2011,2011-12,Marcin Gortat,PHX,28,6-11,240,None,Poland,2005,2,57
2011,2011-12,J.J. Barea,MIN,28,6-0,175,Northeastern,Puerto Rico,Undrafted,Undrafted,Undrafted
2011,2011-12,Edwin Ubiles,WAS,25,6-6,204,Siena,Puerto Rico,Undrafted,Undrafted,Undrafted
2011,2011-12,Timofey Mozgov,DEN,25,7-1,250,None,Russia,Undrafted,Undrafted,Undrafted
2011,2011-12,DeSagana Diop,CHA,30,7-0,280,None,Senegal,2001,1,8
2011,2011-12,Hamady Ndiaye,WAS,25,7-0,235,Rutgers,Senegal,2010,2,56
2011,2011-12,Vladimir Radmanovic,ATL,31,6-10,235,None,Serbia,2001,1,12
2011,2011-12,Darko Milicic,MIN,27,7-0,275,None,Serbia,2003,1,2
2011,2011-12,Goran Dragic,HOU,26,6-3,190,None,Slovenia,2008,2,45
2011,2011-12,Beno Udrih,MIL,29,6-3,203,None,Slovenia,2004,1,28
2011,2011-12,Rudy Fernandez,DEN,27,6-6,185,None,Spain,2007,1,24
2011,2011-12,Pau Gasol,LAL,31,7-0,250,None,Spain,2001,1,3
2011,2011-12,Marc Gasol,MEM,27,7-1,265,None,Spain,2007,2,48
2011,2011-12,Ricky Rubio,MIN,21,6-4,180,None,Spain,2009,1,5
2011,2011-12,Jose Calderon,TOR,30,6-3,211,None,Spain,Undrafted,Undrafted,Undrafted
2011,2011-12,Jonas Jerebko,DET,25,6-10,231,None,Sweden,2009,2,39
2011,2011-12,Thabo Sefolosha,OKC,28,6-7,215,None,Switzerland,2006,1,13
2011,2011-12,Hasheem Thabeet,POR,25,7-3,263,Connecticut,Tanzania,2009,1,2
2011,2011-12,Omer Asik,CHI,25,7-0,255,None,Turkey,2008,2,36
2011,2011-12,Semih Erden,CLE,25,7-0,240,None,Turkey,2008,2,60
2011,2011-12,Ersan Ilyasova,MIL,25,6-10,235,None,Turkey,2005,2,36
2011,2011-12,Mehmet Okur,NJN,33,6-11,260,None,Turkey,2001,2,37
2011,2011-12,Hedo Turkoglu,ORL,33,6-10,220,None,Turkey,2000,1,16
2011,2011-12,Enes Freedom,UTA,20,6-11,267,None,Turkey,2011,1,3
2011,2011-12,Kyrylo Fesenko,IND,25,7-1,280,None,Ukraine,2007,2,38
2011,2011-12,Luol Deng,CHI,27,6-9,220,Duke,United Kingdom,2004,1,7
2011,2011-12,Kelenna Azubuike,DAL,28,6-5,215,Kentucky,United Kingdom,Undrafted,Undrafted,Undrafted
2011,2011-12,Tim Duncan,SAS,36,6-11,255,Wake Forest,US Virgin Islands,1997,1,1
2011,2011-12,Raja Bell,UTA,35,6-5,210,Florida International,US Virgin Islands,Undrafted,Undrafted,Undrafted
2011,2011-12,Greivis Vasquez,NOH,25,6-6,211,Maryland,Venezuela,2010,1,28
2010,2010-11,Luis Scola,HOU,31,6-9,245,None,Argentina,2002,2,55
2010,2010-11,Carlos Delfino,MIL,28,6-6,230,None,Argentina,2003,1,25
2010,2010-11,Andres Nocioni,PHI,31,6-7,225,None,Argentina,Undrafted,Undrafted,Undrafted
2010,2010-11,Fabricio Oberto,POR,36,6-10,245,None,Argentina,Undrafted,Undrafted,Undrafted
2010,2010-11,Manu Ginobili,SAS,33,6-6,205,None,Argentina,1999,2,57
2010,2010-11,Andrew Bogut,MIL,26,7-0,260,Utah,Australia,2005,1,1
2010,2010-11,David Andersen,NOH,31,6-11,247,None,Australia,2002,2,36
2010,2010-11,Patty Mills,POR,22,6-0,185,St. Mary's,Australia,2009,2,55
2010,2010-11,DJ Mbenga,NOH,30,7-0,255,None,Belgium,Undrafted,Undrafted,Undrafted
2010,2010-11,Anderson Varejao,CLE,28,6-11,260,None,Brazil,2004,2,30
2010,2010-11,Nene,DEN,28,6-11,250,None,Brazil,2002,1,7
2010,2010-11,Tiago Splitter,SAS,26,6-11,240,None,Brazil,2007,1,28
2010,2010-11,Leandro Barbosa,TOR,28,6-3,202,None,Brazil,2003,1,28
2010,2010-11,Luc Mbah a Moute,MIL,24,6-8,230,UCLA,Cameroon,2008,2,37
2010,2010-11,Jamaal Magloire,MIA,33,6-11,255,Kentucky,Canada,2000,1,19
2010,2010-11,Joel Anthony,MIA,28,6-9,245,UNLV,Canada,Undrafted,Undrafted,Undrafted
2010,2010-11,Steve Nash,PHX,37,6-3,178,Santa Clara,Canada,1996,1,15
2010,2010-11,Yao Ming,HOU,30,7-6,310,None,China,2002,1,1
2010,2010-11,Yi Jianlian,WAS,23,7-0,250,None,China,2007,1,6
2010,2010-11,Christian Eyenga,CLE,22,6-5,210,None,Congo,2009,1,30
2010,2010-11,Serge Ibaka,OKC,21,6-10,235,None,Democratic Republic of the Congo,2008,1,24
2010,2010-11,Al Horford,ATL,25,6-10,245,Florida,Dominican Republic,2007,1,3
2010,2010-11,Francisco Garcia,SAC,29,6-7,195,Louisville,Dominican Republic,2005,1,23
2010,2010-11,Pape Sy,ATL,23,6-7,225,None,France,2010,2,53
2010,2010-11,Boris Diaw,CHA,29,6-8,235,None,France,2003,1,21
2010,2010-11,Ian Mahinmi,DAL,24,6-11,230,None,France,2005,1,28
2010,2010-11,Rodrigue Beaubois,DAL,23,6-2,185,None,France,2009,1,25
2010,2010-11,Johan Petro,NJN,25,7-0,247,None,France,2005,1,25
2010,2010-11,Ronny Turiaf,NYK,28,6-10,245,Gonzaga,France,2005,2,37
2010,2010-11,Mickael Pietrus,PHX,29,6-6,215,None,France,2003,1,11
2010,2010-11,Nicolas Batum,POR,22,6-8,200,None,France,2008,1,25
2010,2010-11,Tony Parker,SAS,29,6-2,185,None,France,2001,1,28
2010,2010-11,Alexis Ajinca,TOR,23,7-2,248,None,France,2008,1,20
2010,2010-11,Kevin Seraphin,WAS,21,6-9,275,None,France,2010,1,17
2010,2010-11,Zaza Pachulia,ATL,27,6-11,275,None,Georgia,2003,2,42
2010,2010-11,Dirk Nowitzki,DAL,33,7-0,245,None,Germany,1998,1,9
2010,2010-11,Samuel Dalembert,SAC,31,6-11,250,Seton Hall,Haiti,2001,1,26
2010,2010-11,Hamed Haddadi,MEM,26,7-2,265,None,Iran,Undrafted,Undrafted,Undrafted
2010,2010-11,Omri Casspi,SAC,23,6-9,225,None,Israel,2009,1,23
2010,2010-11,Danilo Gallinari,DEN,22,6-10,225,None,Italy,2008,1,6
2010,2010-11,Marco Belinelli,NOH,25,6-5,200,None,Italy,2007,1,18
2010,2010-11,Andrea Bargnani,TOR,25,7-0,250,None,Italy,2006,1,1
2010,2010-11,Samardo Samuels,CLE,22,6-9,260,Louisville,Jamaica,Undrafted,Undrafted,Undrafted
2010,2010-11,Andris Biedrins,GSW,25,7-0,240,None,Latvia,2004,1,11
2010,2010-11,Zydrunas Ilgauskas,MIA,36,7-3,260,None,Lithuania,1996,1,20
2010,2010-11,Darius Songaila,PHI,33,6-9,248,Wake Forest,Lithuania,2002,2,49
2010,2010-11,Linas Kleiza,TOR,26,6-8,245,Missouri,Lithuania,2005,1,27
2010,2010-11,Eduardo Najera,CHA,34,6-8,235,Oklahoma,Mexico,2000,2,38
2010,2010-11,Sasha Pavlovic,BOS,27,6-7,235,None,Montenegro,2003,1,19
2010,2010-11,Nikola Pekovic,MIN,25,6-11,243,None,Montenegro,2008,2,31
2010,2010-11,Dan Gadzuric,NJN,33,6-11,240,UCLA,Netherlands,2002,2,33
2010,2010-11,Francisco Elson,UTA,35,7-0,240,California,Netherlands,1999,2,41
2010,2010-11,Sean Marks,POR,35,6-10,250,California,New Zealand,1998,2,44
2010,2010-11,Solomon Alabi,TOR,23,7-1,251,Florida State,Nigeria,2010,2,50
2010,2010-11,Gary Forbes,DEN,26,6-7,220,Massachusetts,Panama,Undrafted,Undrafted,Undrafted
2010,2010-11,Marcin Gortat,PHX,27,6-11,240,None,Poland,2005,2,57
2010,2010-11,Carlos Arroyo,BOS,31,6-2,200,Florida International,Puerto Rico,Undrafted,Undrafted,Undrafted
2010,2010-11,J.J. Barea,DAL,27,6-0,175,Northeastern,Puerto Rico,Undrafted,Undrafted,Undrafted
2010,2010-11,Timofey Mozgov,DEN,24,7-1,250,None,Russia,Undrafted,Undrafted,Undrafted
2010,2010-11,Andrei Kirilenko,UTA,30,6-9,235,None,Russia,1999,1,24
2010,2010-11,DeSagana Diop,CHA,29,7-0,280,None,Senegal,2001,1,8
2010,2010-11,Hamady Ndiaye,WAS,24,7-0,235,Rutgers,Senegal,2010,2,56
2010,2010-11,Nenad Krstic,BOS,27,7-0,240,None,Serbia,2002,1,24
2010,2010-11,Peja Stojakovic,DAL,34,6-10,229,None,Serbia,1996,1,14
2010,2010-11,Vladimir Radmanovic,GSW,30,6-10,235,None,Serbia,2001,1,12
2010,2010-11,Darko Milicic,MIN,26,7-0,275,None,Serbia,2003,1,2
2010,2010-11,Goran Dragic,HOU,25,6-3,190,None,Slovenia,2008,2,45
2010,2010-11,Sasha Vujacic,NJN,27,6-7,205,None,Slovenia,2004,1,27
2010,2010-11,Beno Udrih,SAC,28,6-3,205,None,Slovenia,2004,1,28
2010,2010-11,Pau Gasol,LAL,30,7-0,250,None,Spain,2001,1,3
2010,2010-11,Marc Gasol,MEM,26,7-1,265,None,Spain,2007,2,48
2010,2010-11,Rudy Fernandez,POR,26,6-6,185,None,Spain,2007,1,24
2010,2010-11,Jose Calderon,TOR,29,6-3,210,None,Spain,Undrafted,Undrafted,Undrafted
2010,2010-11,Thabo Sefolosha,OKC,27,6-7,215,None,Switzerland,2006,1,13
2010,2010-11,Hasheem Thabeet,HOU,24,7-3,263,Connecticut,Tanzania,2009,1,2
2010,2010-11,Omer Asik,CHI,24,7-0,255,None,Turkey,2008,2,36
2010,2010-11,Semih Erden,CLE,24,6-11,240,None,Turkey,2008,2,60
2010,2010-11,Ersan Ilyasova,MIL,24,6-10,235,None,Turkey,2005,2,36
2010,2010-11,Hedo Turkoglu,ORL,32,6-10,220,None,Turkey,2000,1,16
2010,2010-11,Mehmet Okur,UTA,32,6-11,265,None,Turkey,2001,2,37
2010,2010-11,Kyrylo Fesenko,UTA,24,7-1,280,None,Ukraine,2007,2,38
2010,2010-11,Luol Deng,CHI,26,6-9,220,Duke,United Kingdom,2004,1,7
2010,2010-11,Tim Duncan,SAS,35,6-11,255,Wake Forest,US Virgin Islands,1997,1,1
2010,2010-11,Raja Bell,UTA,34,6-5,206,Florida International,US Virgin Islands,Undrafted,Undrafted,Undrafted
2010,2010-11,Greivis Vasquez,MEM,24,6-6,211,Maryland,Venezuela,2010,1,28
2009,2009-10,Luis Scola,HOU,30,6-9,245,None,Argentina,2002,2,55
2009,2009-10,Carlos Delfino,MIL,27,6-6,230,None,Argentina,2003,1,25
2009,2009-10,Andres Nocioni,SAC,30,6-7,225,None,Argentina,Undrafted,Undrafted,Undrafted
2009,2009-10,Manu Ginobili,SAS,32,6-6,205,None,Argentina,1999,2,57
2009,2009-10,Fabricio Oberto,WAS,35,6-10,245,None,Argentina,Undrafted,Undrafted,Undrafted
2009,2009-10,David Andersen,HOU,30,6-11,245,None,Australia,2002,2,36
2009,2009-10,Andrew Bogut,MIL,25,7-0,260,Utah,Australia,2005,1,1
2009,2009-10,Nathan Jawai,MIN,23,6-10,280,Midland (Texas),Australia,2008,2,41
2009,2009-10,Patty Mills,POR,21,6-0,185,St. Mary's,Australia,2009,2,55
2009,2009-10,DJ Mbenga,LAL,29,7-0,255,None,Belgium,Undrafted,Undrafted,Undrafted
2009,2009-10,Anderson Varejao,CLE,27,6-11,260,None,Brazil,2004,2,30
2009,2009-10,Nene,DEN,27,6-11,250,None,Brazil,2002,1,7
2009,2009-10,Leandro Barbosa,PHX,27,6-3,202,None,Brazil,2003,1,28
2009,2009-10,Luc Mbah a Moute,MIL,23,6-8,230,UCLA,Cameroon,2008,2,37
2009,2009-10,Jamaal Magloire,MIA,32,6-11,255,Kentucky,Canada,2000,1,19
2009,2009-10,Joel Anthony,MIA,27,6-9,245,UNLV,Canada,Undrafted,Undrafted,Undrafted
2009,2009-10,Steve Nash,PHX,36,6-3,178,Santa Clara,Canada,1996,1,15
2009,2009-10,Yi Jianlian,NJN,22,7-0,250,None,China,2007,1,6
2009,2009-10,Roko Ukic,MIL,25,6-5,190,None,Croatia,2005,2,41
2009,2009-10,Serge Ibaka,OKC,20,6-10,235,None,Democratic Republic of the Congo,2008,1,24
2009,2009-10,Al Horford,ATL,24,6-10,245,Florida,Dominican Republic,2007,1,3
2009,2009-10,Francisco Garcia,SAC,28,6-7,195,Louisville,Dominican Republic,2005,1,23
2009,2009-10,Alexis Ajinca,CHA,22,7-0,220,None,France,2008,1,20
2009,2009-10,Boris Diaw,CHA,28,6-8,235,None,France,2003,1,21
2009,2009-10,Rodrigue Beaubois,DAL,22,6-0,170,None,France,2009,1,25
2009,2009-10,Johan Petro,DEN,24,7-0,247,None,France,2005,1,25
2009,2009-10,Ronny Turiaf,GSW,27,6-10,250,Gonzaga,France,2005,2,37
2009,2009-10,Mickael Pietrus,ORL,28,6-6,215,None,France,2003,1,11
2009,2009-10,Nicolas Batum,POR,21,6-8,200,None,France,2008,1,25
2009,2009-10,Ian Mahinmi,SAS,23,6-11,230,None,France,2005,1,28
2009,2009-10,Tony Parker,SAS,28,6-2,180,None,France,2001,1,28
2009,2009-10,Zaza Pachulia,ATL,26,6-11,275,None,Georgia,2003,2,42
2009,2009-10,Dirk Nowitzki,DAL,32,7-0,245,None,Germany,1998,1,9
2009,2009-10,Samuel Dalembert,PHI,30,6-11,250,Seton Hall,Haiti,2001,1,26
2009,2009-10,Hamed Haddadi,MEM,25,7-2,265,None,Iran,Undrafted,Undrafted,Undrafted
2009,2009-10,Omri Casspi,SAC,22,6-9,225,None,Israel,2009,1,23
2009,2009-10,Danilo Gallinari,NYK,21,6-10,225,None,Italy,2008,1,6
2009,2009-10,Andrea Bargnani,TOR,24,7-0,250,None,Italy,2006,1,1
2009,2009-10,Marco Belinelli,TOR,24,6-5,200,None,Italy,2007,1,18
2009,2009-10,Andris Biedrins,GSW,24,6-11,240,None,Latvia,2004,1,11
2009,2009-10,Zydrunas Ilgauskas,CLE,35,7-3,260,None,Lithuania,1996,1,20
2009,2009-10,Darius Songaila,NOH,32,6-9,248,Wake Forest,Lithuania,2002,2,49
2009,2009-10,Eduardo Najera,DAL,33,6-8,235,Oklahoma,Mexico,2000,2,38
2009,2009-10,Sasha Pavlovic,MIN,26,6-7,235,None,Montenegro,2003,1,19
2009,2009-10,Dan Gadzuric,MIL,32,6-11,245,UCLA,Netherlands,2002,2,33
2009,2009-10,Francisco Elson,PHI,34,7-0,240,California,Netherlands,1999,2,41
2009,2009-10,Sean Marks,NOH,34,6-10,250,California,New Zealand,1998,2,44
2009,2009-10,Marcin Gortat,ORL,26,6-11,240,None,Poland,2005,2,57
2009,2009-10,J.J. Barea,DAL,26,6-0,175,Northeastern,Puerto Rico,Undrafted,Undrafted,Undrafted
2009,2009-10,Carlos Arroyo,MIA,30,6-2,202,Florida International,Puerto Rico,Undrafted,Undrafted,Undrafted
2009,2009-10,Andrei Kirilenko,UTA,29,6-9,225,None,Russia,1999,1,24
2009,2009-10,DeSagana Diop,CHA,28,7-0,280,None,Senegal,2001,1,8
2009,2009-10,Vladimir Radmanovic,GSW,29,6-10,235,None,Serbia,2001,1,12
2009,2009-10,Darko Milicic,MIN,25,7-0,275,None,Serbia,2003,1,2
2009,2009-10,Peja Stojakovic,NOH,33,6-10,229,None,Serbia,1996,1,14
2009,2009-10,Nenad Krstic,OKC,26,7-0,240,None,Serbia,2002,1,24
2009,2009-10,Sasha Vujacic,LAL,26,6-7,205,None,Slovenia,2004,1,27
2009,2009-10,Primoz Brezec,MIL,30,7-1,255,None,Slovenia,2000,1,27
2009,2009-10,Goran Dragic,PHX,24,6-3,190,None,Slovenia,2008,2,45
2009,2009-10,Beno Udrih,SAC,27,6-3,205,None,Slovenia,2004,1,28
2009,2009-10,Rasho Nesterovic,TOR,34,7-0,255,None,Slovenia,1998,1,17
2009,2009-10,Pau Gasol,LAL,29,7-0,250,None,Spain,2001,1,3
2009,2009-10,Marc Gasol,MEM,25,7-1,265,None,Spain,2007,2,48
2009,2009-10,Sergio Rodriguez,NYK,24,6-3,176,None,Spain,2006,1,27
2009,2009-10,Rudy Fernandez,POR,25,6-6,185,None,Spain,2007,1,24
2009,2009-10,Jose Calderon,TOR,28,6-3,210,None,Spain,Undrafted,Undrafted,Undrafted
2009,2009-10,Jonas Jerebko,DET,23,6-10,231,None,Sweden,2009,2,39
2009,2009-10,Thabo Sefolosha,OKC,26,6-7,215,None,Switzerland,2006,1,13
2009,2009-10,Hasheem Thabeet,MEM,23,7-3,267,Connecticut,Tanzania,2009,1,2
2009,2009-10,Ersan Ilyasova,MIL,23,6-10,235,None,Turkey,2005,2,36
2009,2009-10,Hedo Turkoglu,TOR,31,6-10,220,None,Turkey,2000,1,16
2009,2009-10,Mehmet Okur,UTA,31,6-11,263,None,Turkey,2001,2,37
2009,2009-10,Oleksiy Pecherov,MIN,24,7-0,234,None,Ukraine,2006,1,18
2009,2009-10,Kyrylo Fesenko,UTA,23,7-1,300,None,Ukraine,2007,2,38
2009,2009-10,Luol Deng,CHI,25,6-9,220,Duke,United Kingdom,2004,1,7
2009,2009-10,Kelenna Azubuike,GSW,26,6-5,220,Kentucky,United Kingdom,Undrafted,Undrafted,Undrafted
2009,2009-10,Raja Bell,GSW,33,6-5,215,Florida International,US Virgin Islands,Undrafted,Undrafted,Undrafted
2009,2009-10,Tim Duncan,SAS,34,6-11,260,Wake Forest,US Virgin Islands,1997,1,1
2008,2008-09,Walter Herrmann,DET,30,6-9,225,None,Argentina,Undrafted,Undrafted,Undrafted
2008,2008-09,Luis Scola,HOU,29,6-9,245,None,Argentina,2002,2,55
2008,2008-09,Andres Nocioni,SAC,29,6-7,225,None,Argentina,Undrafted,Undrafted,Undrafted
2008,2008-09,Fabricio Oberto,SAS,34,6-10,245,None,Argentina,Undrafted,Undrafted,Undrafted
2008,2008-09,Manu Ginobili,SAS,31,6-6,205,None,Argentina,1999,2,57
2008,2008-09,Andrew Bogut,MIL,24,7-0,260,Utah,Australia,2005,1,1
2008,2008-09,Nathan Jawai,TOR,22,6-10,280,Midland (Texas),Australia,2008,2,41
2008,2008-09,DJ Mbenga,LAL,28,7-0,255,None,Belgium,Undrafted,Undrafted,Undrafted
2008,2008-09,Anderson Varejao,CLE,26,6-11,260,None,Brazil,2004,2,30
2008,2008-09,Nene,DEN,26,6-11,250,None,Brazil,2002,1,7
2008,2008-09,Leandro Barbosa,PHX,26,6-3,202,None,Brazil,2003,1,28
2008,2008-09,Luc Mbah a Moute,MIL,22,6-8,230,UCLA,Cameroon,2008,2,37
2008,2008-09,Jamaal Magloire,MIA,31,6-11,265,Kentucky,Canada,2000,1,19
2008,2008-09,Joel Anthony,MIA,26,6-9,245,UNLV,Canada,Undrafted,Undrafted,Undrafted
2008,2008-09,Steve Nash,PHX,35,6-3,178,Santa Clara,Canada,1996,1,15
2008,2008-09,Yao Ming,HOU,28,7-6,310,None,China,2002,1,1
2008,2008-09,Sun Sun,LAL,23,6-9,205,None,China,2007,2,40
2008,2008-09,Yi Jianlian,NJN,21,7-0,238,None,China,2007,1,6
2008,2008-09,Dikembe Mutombo,HOU,43,7-2,260,Georgetown,Congo,1991,1,4
2008,2008-09,Roko Ukic,TOR,24,6-5,183,None,Croatia,2005,2,41
2008,2008-09,Al Horford,ATL,23,6-10,245,Florida,Dominican Republic,2007,1,3
2008,2008-09,Francisco Garcia,SAC,27,6-7,195,Louisville,Dominican Republic,2005,1,23
2008,2008-09,Alexis Ajinca,CHA,21,7-0,220,None,France,2008,1,20
2008,2008-09,Boris Diaw,CHA,27,6-8,235,None,France,2003,1,21
2008,2008-09,Johan Petro,DEN,23,7-0,247,None,France,2005,1,25
2008,2008-09,Ronny Turiaf,GSW,26,6-10,250,Gonzaga,France,2005,2,37
2008,2008-09,Mickael Pietrus,ORL,27,6-6,215,None,France,2003,1,11
2008,2008-09,Nicolas Batum,POR,20,6-8,200,None,France,2008,1,25
2008,2008-09,Tony Parker,SAS,27,6-2,180,None,France,2001,1,28
2008,2008-09,Zaza Pachulia,ATL,25,6-11,275,None,Georgia,2003,2,42
2008,2008-09,Dirk Nowitzki,DAL,31,7-0,245,None,Germany,1998,1,9
2008,2008-09,Samuel Dalembert,PHI,29,6-11,250,Seton Hall,Haiti,2001,1,26
2008,2008-09,Hamed Haddadi,MEM,24,7-2,254,None,Iran,Undrafted,Undrafted,Undrafted
2008,2008-09,Marco Belinelli,GSW,23,6-5,200,None,Italy,2007,1,18
2008,2008-09,Danilo Gallinari,NYK,20,6-10,225,None,Italy,2008,1,6
2008,2008-09,Andrea Bargnani,TOR,23,7-0,250,None,Italy,2006,1,1
2008,2008-09,Andris Biedrins,GSW,23,6-11,240,None,Latvia,2004,1,11
2008,2008-09,Zydrunas Ilgauskas,CLE,34,7-3,260,None,Lithuania,1996,1,20
2008,2008-09,Linas Kleiza,DEN,24,6-8,245,Missouri,Lithuania,2005,1,27
2008,2008-09,Darius Songaila,WAS,31,6-9,248,Wake Forest,Lithuania,2002,2,49
2008,2008-09,Eduardo Najera,NJN,32,6-8,235,Oklahoma,Mexico,2000,2,38
2008,2008-09,Sasha Pavlovic,CLE,25,6-7,235,None,Montenegro,2003,1,19
2008,2008-09,Dan Gadzuric,MIL,31,6-11,245,UCLA,Netherlands,2002,2,33
2008,2008-09,Francisco Elson,MIL,33,7-0,235,California,Netherlands,1999,2,41
2008,2008-09,Sean Marks,NOH,33,6-10,250,California,New Zealand,1998,2,44
2008,2008-09,Marcin Gortat,ORL,25,6-11,240,None,Poland,2005,2,57
2008,2008-09,J.J. Barea,DAL,25,6-0,175,Northeastern,Puerto Rico,Undrafted,Undrafted,Undrafted
2008,2008-09,Andrei Kirilenko,UTA,28,6-9,225,None,Russia,1999,1,24
2008,2008-09,DeSagana Diop,CHA,27,7-0,280,None,Senegal,2001,1,8
2008,2008-09,Cheikh Samb,NYK,24,7-1,245,None,Senegal,2006,2,51
2008,2008-09,Mouhamed Sene,NYK,23,6-11,230,None,Senegal,2006,1,10
2008,2008-09,Vladimir Radmanovic,CHA,28,6-10,235,None,Serbia,2001,1,12
2008,2008-09,Darko Milicic,MEM,24,7-0,275,None,Serbia,2003,1,2
2008,2008-09,Marko Jaric,MEM,30,6-7,224,None,Serbia,2000,2,30
2008,2008-09,Peja Stojakovic,NOH,32,6-10,229,None,Serbia,1996,1,14
2008,2008-09,Nenad Krstic,OKC,25,7-0,240,None,Serbia,2002,1,24
2008,2008-09,Rasho Nesterovic,IND,33,7-0,255,None,Slovenia,1998,1,17
2008,2008-09,Sasha Vujacic,LAL,25,6-7,205,None,Slovenia,2004,1,27
2008,2008-09,Goran Dragic,PHX,23,6-4,180,None,Slovenia,2008,2,45
2008,2008-09,Beno Udrih,SAC,26,6-3,205,None,Slovenia,2004,1,28
2008,2008-09,Pau Gasol,LAL,28,7-0,250,None,Spain,2001,1,3
2008,2008-09,Marc Gasol,MEM,24,7-1,265,None,Spain,2007,2,48
2008,2008-09,Rudy Fernandez,POR,24,6-6,185,None,Spain,2007,1,24
2008,2008-09,Sergio Rodriguez,POR,23,6-3,176,None,Spain,2006,1,27
2008,2008-09,Jose Calderon,TOR,27,6-3,210,None,Spain,Undrafted,Undrafted,Undrafted
2008,2008-09,Adonal Foyle,ORL,34,6-10,270,Colgate,St. Vincent & Grenadines,1997,1,8
2008,2008-09,Thabo Sefolosha,OKC,25,6-7,215,None,Switzerland,2006,1,13
2008,2008-09,Hedo Turkoglu,ORL,30,6-10,220,None,Turkey,2000,1,16
2008,2008-09,Mehmet Okur,UTA,30,6-11,263,None,Turkey,2001,2,37
2008,2008-09,Kyrylo Fesenko,UTA,22,7-1,300,None,Ukraine,2007,2,38
2008,2008-09,Oleksiy Pecherov,WAS,23,7-0,234,None,Ukraine,2006,1,18
2008,2008-09,Luol Deng,CHI,24,6-9,220,Duke,United Kingdom,2004,1,7
2008,2008-09,Kelenna Azubuike,GSW,25,6-5,220,Kentucky,United Kingdom,Undrafted,Undrafted,Undrafted
2008,2008-09,Raja Bell,CHA,32,6-5,215,Florida International,US Virgin Islands,Undrafted,Undrafted,Undrafted
2008,2008-09,Tim Duncan,SAS,33,6-11,260,Wake Forest,US Virgin Islands,1997,1,1
2007,2007-08,Andres Nocioni,CHI,28,6-7,225,None,Argentina,Undrafted,Undrafted,Undrafted
2007,2007-08,Walter Herrmann,DET,29,6-9,225,None,Argentina,Undrafted,Undrafted,Undrafted
2007,2007-08,Luis Scola,HOU,28,6-9,245,None,Argentina,2002,2,55
2007,2007-08,Fabricio Oberto,SAS,33,6-10,245,None,Argentina,Undrafted,Undrafted,Undrafted
2007,2007-08,Manu Ginobili,SAS,30,6-6,205,None,Argentina,1999,2,57
2007,2007-08,Carlos Delfino,TOR,25,6-6,230,None,Argentina,2003,1,25
2007,2007-08,Andrew Bogut,MIL,23,7-0,260,Utah,Australia,2005,1,1
2007,2007-08,DJ Mbenga,LAL,27,7-0,255,None,Belgium,Undrafted,Undrafted,Undrafted
2007,2007-08,Anderson Varejao,CLE,25,6-10,240,None,Brazil,2004,2,30
2007,2007-08,Nene,DEN,25,6-11,250,None,Brazil,2002,1,7
2007,2007-08,Marcus Vinicius,NOH,24,6-8,225,None,Brazil,2006,2,43
2007,2007-08,Leandro Barbosa,PHX,25,6-3,202,None,Brazil,2003,1,28
2007,2007-08,Jamaal Magloire,DAL,30,6-11,265,Kentucky,Canada,2000,1,19
2007,2007-08,Joel Anthony,MIA,25,6-9,245,UNLV,Canada,Undrafted,Undrafted,Undrafted
2007,2007-08,Steve Nash,PHX,34,6-3,178,Santa Clara,Canada,1996,1,15
2007,2007-08,Yao Ming,HOU,27,7-6,310,None,China,2002,1,1
2007,2007-08,Yi Jianlian,MIL,20,7-0,238,None,China,2007,1,6
2007,2007-08,Dikembe Mutombo,HOU,42,7-2,260,Georgetown,Congo,1991,1,4
2007,2007-08,Gordan Giricek,PHX,31,6-6,220,None,Croatia,1999,2,40
2007,2007-08,Al Horford,ATL,22,6-10,245,Florida,Dominican Republic,2007,1,3
2007,2007-08,Francisco Garcia,SAC,26,6-7,195,Louisville,Dominican Republic,2005,1,23
2007,2007-08,Mickael Pietrus,GSW,26,6-6,215,None,France,2003,1,11
2007,2007-08,Ronny Turiaf,LAL,25,6-10,250,Gonzaga,France,2005,2,37
2007,2007-08,Boris Diaw,PHX,26,6-8,235,None,France,2003,1,21
2007,2007-08,Ian Mahinmi,SAS,21,6-11,230,None,France,2005,1,28
2007,2007-08,Tony Parker,SAS,26,6-2,180,None,France,2001,1,28
2007,2007-08,Johan Petro,SEA,22,7-0,247,None,France,2005,1,25
2007,2007-08,Mickael Gelabale,SEA,25,6-7,215,None,France,2005,2,48
2007,2007-08,Stephane Lasme,MIA,25,6-8,215,Massachusetts,Gabon,2007,2,46
2007,2007-08,Zaza Pachulia,ATL,24,6-11,280,None,Georgia,2003,2,42
2007,2007-08,Dirk Nowitzki,DAL,30,7-0,245,None,Germany,1998,1,9
2007,2007-08,Samuel Dalembert,PHI,28,6-11,250,Seton Hall,Haiti,2001,1,26
2007,2007-08,Marco Belinelli,GSW,22,6-5,192,None,Italy,2007,1,18
2007,2007-08,Andrea Bargnani,TOR,22,7-0,250,None,Italy,2006,1,1
2007,2007-08,Andris Biedrins,GSW,22,6-11,230,None,Latvia,2004,1,11
2007,2007-08,Zydrunas Ilgauskas,CLE,33,7-3,260,None,Lithuania,1996,1,20
2007,2007-08,Linas Kleiza,DEN,23,6-8,245,Missouri,Lithuania,2005,1,27
2007,2007-08,Darius Songaila,WAS,30,6-9,248,Wake Forest,Lithuania,2002,2,49
2007,2007-08,Eduardo Najera,DEN,31,6-8,235,Oklahoma,Mexico,2000,2,38
2007,2007-08,Sasha Pavlovic,CLE,24,6-7,239,None,Montenegro,2003,1,19
2007,2007-08,Dan Gadzuric,MIL,30,6-11,245,UCLA,Netherlands,2002,2,33
2007,2007-08,Francisco Elson,SEA,32,7-0,235,California,Netherlands,1999,2,41
2007,2007-08,Sean Marks,PHX,32,6-10,250,California,New Zealand,1998,2,44
2007,2007-08,Marcin Gortat,ORL,24,7-0,240,None,Poland,2005,2,57
2007,2007-08,J.J. Barea,DAL,24,6-0,175,Northeastern,Puerto Rico,Undrafted,Undrafted,Undrafted
2007,2007-08,Carlos Arroyo,ORL,28,6-2,202,Florida International,Puerto Rico,Undrafted,Undrafted,Undrafted
2007,2007-08,Viktor Khryapa,CHI,25,6-9,218,None,Russia,2004,1,22
2007,2007-08,Andrei Kirilenko,UTA,27,6-9,223,None,Russia,1999,1,24
2007,2007-08,Cheikh Samb,DET,23,7-1,245,None,Senegal,2006,2,51
2007,2007-08,DeSagana Diop,NJN,26,7-0,280,None,Senegal,2001,1,8
2007,2007-08,Mouhamed Sene,SEA,22,6-11,230,None,Senegal,2006,1,10
2007,2007-08,Kosta Perovic,GSW,23,7-2,240,None,Serbia,2006,2,38
2007,2007-08,Vladimir Radmanovic,LAL,27,6-10,235,None,Serbia,2001,1,12
2007,2007-08,Darko Milicic,MEM,23,7-0,275,None,Serbia,2003,1,2
2007,2007-08,Marko Jaric,MIN,29,6-7,224,None,Serbia,2000,2,30
2007,2007-08,Nenad Krstic,NJN,24,7-0,240,None,Serbia,2002,1,24
2007,2007-08,Peja Stojakovic,NOH,31,6-10,229,None,Serbia,1996,1,14
2007,2007-08,Sasha Vujacic,LAL,24,6-7,205,None,Slovenia,2004,1,27
2007,2007-08,Bostjan Nachbar,NJN,27,6-9,221,None,Slovenia,2002,1,15
2007,2007-08,Beno Udrih,SAC,25,6-3,205,None,Slovenia,2004,1,28
2007,2007-08,Primoz Brezec,TOR,28,7-1,255,None,Slovenia,2000,1,27
2007,2007-08,Rasho Nesterovic,TOR,32,7-0,255,None,Slovenia,1998,1,17
2007,2007-08,Pau Gasol,LAL,27,7-0,250,None,Spain,2001,1,3
2007,2007-08,Juan Carlos Navarro,MEM,28,6-3,170,None,Spain,2002,2,39
2007,2007-08,Sergio Rodriguez,POR,22,6-3,168,None,Spain,2006,1,27
2007,2007-08,Jorge Garbajosa,TOR,30,6-9,245,None,Spain,Undrafted,Undrafted,Undrafted
2007,2007-08,Jose Calderon,TOR,26,6-3,210,None,Spain,Undrafted,Undrafted,Undrafted
2007,2007-08,Adonal Foyle,ORL,33,6-10,270,Colgate,St. Vincent & Grenadines,1997,1,8
2007,2007-08,Thabo Sefolosha,CHI,24,6-7,215,None,Switzerland,2006,1,13
2007,2007-08,Hedo Turkoglu,ORL,29,6-10,220,None,Turkey,2000,1,16
2007,2007-08,Mehmet Okur,UTA,29,6-11,263,None,Turkey,2001,2,37
2007,2007-08,Kyrylo Fesenko,UTA,21,7-1,288,None,Ukraine,2007,2,38
2007,2007-08,Oleksiy Pecherov,WAS,22,7-0,234,None,Ukraine,2006,1,18
2007,2007-08,Luol Deng,CHI,23,6-9,220,Duke,United Kingdom,2004,1,7
2007,2007-08,Kelenna Azubuike,GSW,24,6-5,220,Kentucky,United Kingdom,Undrafted,Undrafted,Undrafted
2007,2007-08,Raja Bell,PHX,31,6-5,215,Florida International,US Virgin Islands,Undrafted,Undrafted,Undrafted
2007,2007-08,Tim Duncan,SAS,32,6-11,260,Wake Forest,US Virgin Islands,1997,1,1
2006,2006-07,Walter Herrmann,CHA,28,6-9,225,None,Argentina,Undrafted,Undrafted,Undrafted
2006,2006-07,Andres Nocioni,CHI,27,6-7,225,None,Argentina,Undrafted,Undrafted,Undrafted
2006,2006-07,Carlos Delfino,DET,24,6-6,230,None,Argentina,2003,1,25
2006,2006-07,Fabricio Oberto,SAS,32,6-10,245,None,Argentina,Undrafted,Undrafted,Undrafted
2006,2006-07,Manu Ginobili,SAS,29,6-6,205,None,Argentina,1999,2,57
2006,2006-07,Andrew Bogut,MIL,22,7-0,245,Utah,Australia,2005,1,1
2006,2006-07,DJ Mbenga,DAL,26,7-0,255,None,Belgium,Undrafted,Undrafted,Undrafted
2006,2006-07,Anderson Varejao,CLE,24,6-10,240,None,Brazil,2004,2,30
2006,2006-07,Nene,DEN,24,6-11,268,None,Brazil,2002,1,7
2006,2006-07,Marcus Vinicius,NOK,23,6-8,225,None,Brazil,2006,2,43
2006,2006-07,Leandro Barbosa,PHX,24,6-3,188,None,Brazil,2003,1,28
2006,2006-07,Rafael Araujo,UTA,26,6-11,270,Brigham Young,Brazil,2004,1,8
2006,2006-07,Steve Nash,PHX,33,6-3,195,Santa Clara,Canada,1996,1,15
2006,2006-07,Jamaal Magloire,POR,29,6-11,265,Kentucky,Canada,2000,1,19
2006,2006-07,Yao Ming,HOU,26,7-6,310,None,China,2002,1,1
2006,2006-07,Dikembe Mutombo,HOU,41,7-2,260,Georgetown,Congo,1991,1,4
2006,2006-07,Damir Markota,MIL,21,6-10,225,None,Croatia,2006,2,59
2006,2006-07,Gordan Giricek,UTA,30,6-6,222,None,Croatia,1999,2,40
2006,2006-07,Francisco Garcia,SAC,25,6-7,195,Louisville,Dominican Republic,2005,1,23
2006,2006-07,Mickael Pietrus,GSW,25,6-6,215,None,France,2003,1,11
2006,2006-07,Ronny Turiaf,LAL,24,6-10,249,Gonzaga,France,2005,2,37
2006,2006-07,Boris Diaw,PHX,25,6-8,230,None,France,2003,1,21
2006,2006-07,Tony Parker,SAS,25,6-2,180,None,France,2001,1,28
2006,2006-07,Johan Petro,SEA,21,7-0,247,None,France,2005,1,25
2006,2006-07,Mickael Gelabale,SEA,24,6-7,215,None,France,2005,2,48
2006,2006-07,Zaza Pachulia,ATL,23,6-11,280,None,Georgia,2003,2,42
2006,2006-07,Dirk Nowitzki,DAL,29,7-0,245,None,Germany,1998,1,9
2006,2006-07,Jake Tsakalidis,HOU,28,7-2,290,None,Greece,2000,1,25
2006,2006-07,Vassilis Spanoulis,HOU,24,6-4,195,None,Greece,2004,2,50
2006,2006-07,Andreas Glyniadakis,SEA,25,7-1,280,None,Greece,2003,2,58
2006,2006-07,Samuel Dalembert,PHI,27,6-11,250,Seton Hall,Haiti,2001,1,26
2006,2006-07,Pat Burke,PHX,33,6-11,250,Auburn,Ireland,Undrafted,Undrafted,Undrafted
2006,2006-07,Andrea Bargnani,TOR,21,7-0,250,None,Italy,2006,1,1
2006,2006-07,Andris Biedrins,GSW,21,6-11,245,None,Latvia,2004,1,11
2006,2006-07,Zydrunas Ilgauskas,CLE,32,7-3,260,None,Lithuania,1996,1,20
2006,2006-07,Linas Kleiza,DEN,22,6-8,245,Missouri,Lithuania,2005,1,27
2006,2006-07,Sarunas Jasikevicius,GSW,31,6-4,197,Maryland,Lithuania,Undrafted,Undrafted,Undrafted
2006,2006-07,Darius Songaila,WAS,29,6-9,248,Wake Forest,Lithuania,2002,2,49
2006,2006-07,Eduardo Najera,DEN,30,6-8,235,Oklahoma,Mexico,2000,2,38
2006,2006-07,Sasha Pavlovic,CLE,23,6-7,210,None,Montenegro,2003,1,19
2006,2006-07,Dan Gadzuric,MIL,29,6-11,240,UCLA,Netherlands,2002,2,33
2006,2006-07,Francisco Elson,SAS,31,7-0,235,California,Netherlands,1999,2,41
2006,2006-07,Sean Marks,PHX,31,6-10,250,California,New Zealand,1998,2,44
2006,2006-07,Michael Olowokandi,BOS,32,7-0,270,Pacific,Nigeria,1998,1,1
2006,2006-07,J.J. Barea,DAL,23,6-0,175,Northeastern,Puerto Rico,Undrafted,Undrafted,Undrafted
2006,2006-07,Carlos Arroyo,ORL,27,6-2,202,Florida International,Puerto Rico,Undrafted,Undrafted,Undrafted
2006,2006-07,Viktor Khryapa,CHI,24,6-9,218,None,Russia,2004,1,22
2006,2006-07,Yaroslav Korolev,LAC,20,6-9,203,None,Russia,2005,1,12
2006,2006-07,Andrei Kirilenko,UTA,26,6-9,227,None,Russia,1999,1,24
2006,2006-07,DeSagana Diop,DAL,25,7-0,280,None,Senegal,2001,1,8
2006,2006-07,Mouhamed Sene,SEA,21,6-11,230,None,Senegal,2006,1,10
2006,2006-07,Pape Sow,TOR,25,6-10,250,California State-Fullerton,Senegal,2004,2,47
2006,2006-07,Vladimir Radmanovic,LAL,26,6-10,234,None,Serbia,2001,1,12
2006,2006-07,Marko Jaric,MIN,28,6-7,224,None,Serbia,2000,2,30
2006,2006-07,Mile Ilic,NJN,23,7-1,255,None,Serbia,2005,2,43
2006,2006-07,Nenad Krstic,NJN,23,7-0,260,None,Serbia,2002,1,24
2006,2006-07,Peja Stojakovic,NOK,30,6-10,229,None,Serbia,1996,1,14
2006,2006-07,Darko Milicic,ORL,22,7-0,275,None,Serbia,2003,1,2
2006,2006-07,Primoz Brezec,CHA,27,7-1,252,None,Slovenia,2000,1,27
2006,2006-07,Sasha Vujacic,LAL,23,6-7,195,None,Slovenia,2004,1,27
2006,2006-07,Bostjan Nachbar,NJN,26,6-9,221,None,Slovenia,2002,1,15
2006,2006-07,Beno Udrih,SAS,24,6-3,200,None,Slovenia,2004,1,28
2006,2006-07,Rasho Nesterovic,TOR,31,7-0,255,None,Slovenia,1998,1,17
2006,2006-07,Uros Slokar,TOR,24,6-10,238,None,Slovenia,2005,2,58
2006,2006-07,Pau Gasol,MEM,26,7-0,260,None,Spain,2001,1,3
2006,2006-07,Sergio Rodriguez,POR,21,6-3,168,None,Spain,2006,1,27
2006,2006-07,Jorge Garbajosa,TOR,29,6-9,245,None,Spain,Undrafted,Undrafted,Undrafted
2006,2006-07,Jose Calderon,TOR,25,6-3,210,None,Spain,Undrafted,Undrafted,Undrafted
2006,2006-07,Adonal Foyle,GSW,32,6-10,270,Colgate,St. Vincent & Grenadines,1997,1,8
2006,2006-07,Thabo Sefolosha,CHI,23,6-7,215,None,Switzerland,2006,1,13
2006,2006-07,Ersan Ilyasova,MIL,20,6-9,235,None,Turkey,2005,2,36
2006,2006-07,Hedo Turkoglu,ORL,28,6-10,220,None,Turkey,2000,1,16
2006,2006-07,Mehmet Okur,UTA,28,6-11,263,None,Turkey,2001,2,37
2006,2006-07,Slava Medvedenko,ATL,28,6-10,253,None,Ukraine,Undrafted,Undrafted,Undrafted
2006,2006-07,Vitaly Potapenko,SAC,32,6-10,285,Wright State,Ukraine,1996,1,12
2006,2006-07,Luol Deng,CHI,22,6-9,220,Duke,United Kingdom,2004,1,7
2006,2006-07,Kelenna Azubuike,GSW,23,6-5,220,Kentucky,United Kingdom,Undrafted,Undrafted,Undrafted
2006,2006-07,Esteban Batista,ATL,23,6-10,268,None,Uruguay,Undrafted,Undrafted,Undrafted
2006,2006-07,Raja Bell,PHX,30,6-5,210,Florida International,US Virgin Islands,Undrafted,Undrafted,Undrafted
2006,2006-07,Tim Duncan,SAS,31,6-11,260,Wake Forest,US Virgin Islands,1997,1,1
2005,2005-06,Andres Nocioni,CHI,26,6-7,225,None,Argentina,Undrafted,Undrafted,Undrafted
2005,2005-06,Carlos Delfino,DET,23,6-6,230,None,Argentina,2003,1,25
2005,2005-06,Fabricio Oberto,SAS,31,6-10,245,None,Argentina,Undrafted,Undrafted,Undrafted
2005,2005-06,Manu Ginobili,SAS,28,6-6,205,None,Argentina,1999,2,57
2005,2005-06,Andrew Bogut,MIL,21,7-0,245,Utah,Australia,2005,1,1
2005,2005-06,DJ Mbenga,DAL,25,7-0,245,None,Belgium,Undrafted,Undrafted,Undrafted
2005,2005-06,Milt Palacio,UTA,28,6-4,210,Colorado State,Belize,Undrafted,Undrafted,Undrafted
2005,2005-06,Anderson Varejao,CLE,23,6-10,240,None,Brazil,2004,2,30
2005,2005-06,Nene,DEN,23,6-11,268,None,Brazil,2002,1,7
2005,2005-06,Leandro Barbosa,PHX,23,6-3,188,None,Brazil,2003,1,28
2005,2005-06,Rafael Araujo,TOR,25,6-11,280,Brigham Young,Brazil,2004,1,8
2005,2005-06,Jamaal Magloire,MIL,28,6-11,259,Kentucky,Canada,2000,1,19
2005,2005-06,Steve Nash,PHX,32,6-3,195,Santa Clara,Canada,1996,1,15
2005,2005-06,Yao Ming,HOU,25,7-6,310,None,China,2002,1,1
2005,2005-06,Dikembe Mutombo,HOU,40,7-2,265,Georgetown,Congo,1991,1,4
2005,2005-06,Toni Kukoc,MIL,37,6-11,235,None,Croatia,1990,2,29
2005,2005-06,Zoran Planinic,NJN,23,6-7,200,None,Croatia,2003,1,22
2005,2005-06,Mario Kasun,ORL,26,7-1,260,None,Croatia,2002,2,40
2005,2005-06,Gordan Giricek,UTA,29,6-5,210,None,Croatia,1999,2,40
2005,2005-06,Jiri Welsch,MIL,26,6-7,208,None,Czech Republic,2002,1,16
2005,2005-06,Francisco Garcia,SAC,24,6-7,195,Louisville,Dominican Republic,2005,1,23
2005,2005-06,Mickael Pietrus,GSW,24,6-6,215,None,France,2003,1,11
2005,2005-06,Ronny Turiaf,LAL,23,6-10,249,Gonzaga,France,2005,2,37
2005,2005-06,Boris Diaw,PHX,24,6-8,215,None,France,2003,1,21
2005,2005-06,Tony Parker,SAS,24,6-2,177,None,France,2001,1,28
2005,2005-06,Johan Petro,SEA,20,7-0,247,None,France,2005,1,25
2005,2005-06,Zaza Pachulia,ATL,22,6-11,265,None,Georgia,2003,2,42
2005,2005-06,Nikoloz Tskitishvili,PHX,23,7-0,225,None,Georgia,2002,1,5
2005,2005-06,Dirk Nowitzki,DAL,28,7-0,245,None,Germany,1998,1,9
2005,2005-06,Jake Tsakalidis,MEM,27,7-2,290,None,Greece,2000,1,25
2005,2005-06,Samuel Dalembert,PHI,26,6-11,250,Seton Hall,Haiti,2001,1,26
2005,2005-06,Pat Burke,PHX,32,6-11,250,Auburn,Ireland,Undrafted,Undrafted,Undrafted
2005,2005-06,Andris Biedrins,GSW,20,6-11,245,None,Latvia,2004,1,11
2005,2005-06,Darius Songaila,CHI,28,6-8,240,Wake Forest,Lithuania,2002,2,49
2005,2005-06,Martynas Andriuskevicius,CLE,20,7-2,240,None,Lithuania,2005,2,44
2005,2005-06,Zydrunas Ilgauskas,CLE,31,7-3,260,None,Lithuania,1996,1,20
2005,2005-06,Linas Kleiza,DEN,21,6-8,245,Missouri,Lithuania,2005,1,27
2005,2005-06,Sarunas Jasikevicius,IND,30,6-4,197,Maryland,Lithuania,Undrafted,Undrafted,Undrafted
2005,2005-06,Arvydas Macijauskas,NOK,26,6-4,214,None,Lithuania,Undrafted,Undrafted,Undrafted
2005,2005-06,Eduardo Najera,DEN,29,6-8,220,Oklahoma,Mexico,2000,2,38
2005,2005-06,Sasha Pavlovic,CLE,22,6-7,210,None,Montenegro,2003,1,19
2005,2005-06,Francisco Elson,DEN,30,7-0,235,California,Netherlands,1999,2,41
2005,2005-06,Dan Gadzuric,MIL,28,6-11,240,UCLA,Netherlands,2002,2,33
2005,2005-06,Sean Marks,SAS,30,6-10,250,California,New Zealand,1998,2,44
2005,2005-06,Michael Olowokandi,BOS,31,7-0,270,Pacific,Nigeria,1998,1,1
2005,2005-06,Maciej Lampe,HOU,21,6-11,275,None,Poland,2003,2,30
2005,2005-06,Carlos Arroyo,ORL,26,6-2,202,Florida International,Puerto Rico,Undrafted,Undrafted,Undrafted
2005,2005-06,Pavel Podkolzin,DAL,21,7-5,260,None,Russia,2004,1,21
2005,2005-06,Yaroslav Korolev,LAC,19,6-9,245,None,Russia,2005,1,12
2005,2005-06,Viktor Khryapa,POR,23,6-9,210,None,Russia,2004,1,22
2005,2005-06,Sergei Monia,SAC,23,6-8,220,None,Russia,2004,1,23
2005,2005-06,Andrei Kirilenko,UTA,25,6-9,225,None,Russia,1999,1,24
2005,2005-06,DeSagana Diop,DAL,24,7-0,280,None,Senegal,2001,1,8
2005,2005-06,Boniface Ndong,LAC,28,7-0,205,None,Senegal,Undrafted,Undrafted,Undrafted
2005,2005-06,Pape Sow,TOR,24,6-10,250,California State-Fullerton,Senegal,2004,2,47
2005,2005-06,Zarko Cabarkapa,GSW,25,6-11,230,None,Serbia,2003,1,17
2005,2005-06,Peja Stojakovic,IND,29,6-10,229,None,Serbia,1996,1,14
2005,2005-06,Vladimir Radmanovic,LAC,25,6-10,234,None,Serbia,2001,1,12
2005,2005-06,Zeljko Rebraca,LAC,34,7-0,265,None,Serbia,1994,2,54
2005,2005-06,Marko Jaric,MIN,27,6-7,217,None,Serbia,2000,2,30
2005,2005-06,Nenad Krstic,NJN,22,7-0,240,None,Serbia,2002,1,24
2005,2005-06,Darko Milicic,ORL,21,7-0,245,None,Serbia,2003,1,2
2005,2005-06,Primoz Brezec,CHA,26,7-1,252,None,Slovenia,2000,1,27
2005,2005-06,Sasha Vujacic,LAL,22,6-7,195,None,Slovenia,2004,1,27
2005,2005-06,Bostjan Nachbar,NJN,25,6-9,221,None,Slovenia,2002,1,15
2005,2005-06,Beno Udrih,SAS,23,6-3,200,None,Slovenia,2004,1,28
2005,2005-06,Rasho Nesterovic,SAS,30,7-0,255,None,Slovenia,1998,1,17
2005,2005-06,Ha Ha,POR,20,7-3,305,None,South Korea,2004,2,46
2005,2005-06,Deng Gai,PHI,24,6-9,250,Fairfield,South Sudan,Undrafted,Undrafted,Undrafted
2005,2005-06,Pau Gasol,MEM,25,7-0,240,None,Spain,2001,1,3
2005,2005-06,Jose Calderon,TOR,24,6-3,210,None,Spain,Undrafted,Undrafted,Undrafted
2005,2005-06,Adonal Foyle,GSW,31,6-10,270,Colgate,St. Vincent & Grenadines,1997,1,8
2005,2005-06,Hedo Turkoglu,ORL,27,6-10,220,None,Turkey,2000,1,16
2005,2005-06,Mehmet Okur,UTA,27,6-11,249,None,Turkey,2001,2,37
2005,2005-06,Slava Medvedenko,LAL,27,6-10,250,None,Ukraine,Undrafted,Undrafted,Undrafted
2005,2005-06,Vitaly Potapenko,SAC,31,6-10,285,Wright State,Ukraine,1996,1,12
2005,2005-06,Luol Deng,CHI,21,6-9,220,Duke,United Kingdom,2004,1,7
2005,2005-06,Esteban Batista,ATL,22,6-10,270,None,Uruguay,Undrafted,Undrafted,Undrafted
2005,2005-06,Raja Bell,PHX,29,6-5,210,Florida International,US Virgin Islands,Undrafted,Undrafted,Undrafted
2005,2005-06,Tim Duncan,SAS,30,6-11,260,Wake Forest,US Virgin Islands,1997,1,1
2004,2004-05,Andres Nocioni,CHI,25,6-7,225,None,Argentina,Undrafted,Undrafted,Undrafted
2004,2004-05,Carlos Delfino,DET,22,6-6,230,None,Argentina,2003,1,25
2004,2004-05,Manu Ginobili,SAS,27,6-6,205,None,Argentina,1999,2,57
2004,2004-05,DJ Mbenga,DAL,24,7-0,245,None,Belgium,Undrafted,Undrafted,Undrafted
2004,2004-05,Milt Palacio,TOR,27,6-3,210,Colorado State,Belize,Undrafted,Undrafted,Undrafted
2004,2004-05,Aleksandar Radojevic,UTA,28,7-3,250,None,Bosnia and Herzegovina,1999,1,12
2004,2004-05,Anderson Varejao,CLE,22,6-10,230,None,Brazil,2004,2,30
2004,2004-05,Nene,DEN,22,6-11,260,None,Brazil,2002,1,7
2004,2004-05,Alex Garcia,NOH,25,6-3,195,None,Brazil,Undrafted,Undrafted,Undrafted
2004,2004-05,Leandro Barbosa,PHX,22,6-3,188,None,Brazil,2003,1,28
2004,2004-05,Rafael Araujo,TOR,24,6-11,280,Brigham Young,Brazil,2004,1,8
2004,2004-05,Jamaal Magloire,NOH,27,6-11,259,Kentucky,Canada,2000,1,19
2004,2004-05,Steve Nash,PHX,31,6-3,195,Santa Clara,Canada,1996,1,15
2004,2004-05,Yao Ming,HOU,24,7-6,310,None,China,2002,1,1
2004,2004-05,Wang Zhi-zhi,MIA,27,7-1,284,None,China,1999,2,36
2004,2004-05,Dikembe Mutombo,HOU,39,7-2,265,Georgetown,Congo,1991,1,4
2004,2004-05,Toni Kukoc,MIL,36,6-11,235,None,Croatia,1990,2,29
2004,2004-05,Zoran Planinic,NJN,22,6-7,200,None,Croatia,2003,1,22
2004,2004-05,Bruno Sundov,NYK,25,7-2,260,None,Croatia,1998,2,35
2004,2004-05,Mario Kasun,ORL,25,7-0,260,None,Croatia,2002,2,40
2004,2004-05,Gordan Giricek,UTA,28,6-5,210,None,Croatia,1999,2,40
2004,2004-05,Jiri Welsch,CLE,25,6-7,208,None,Czech Republic,2002,1,16
2004,2004-05,Boris Diaw,ATL,23,6-8,215,None,France,2003,1,21
2004,2004-05,Jerome Moiso,CLE,27,6-10,260,UCLA,France,2000,1,11
2004,2004-05,Mickael Pietrus,GSW,23,6-6,215,None,France,2003,1,11
2004,2004-05,Tony Parker,SAS,23,6-2,177,None,France,2001,1,28
2004,2004-05,Nikoloz Tskitishvili,GSW,22,7-0,225,None,Georgia,2002,1,5
2004,2004-05,Zaza Pachulia,MIL,21,6-11,265,None,Georgia,2003,2,42
2004,2004-05,Dirk Nowitzki,DAL,27,7-0,245,None,Germany,1998,1,9
2004,2004-05,Jake Tsakalidis,MEM,26,7-2,290,None,Greece,2000,1,25
2004,2004-05,Samuel Dalembert,PHI,25,6-11,250,Seton Hall,Haiti,2001,1,26
2004,2004-05,Andris Biedrins,GSW,19,6-11,240,None,Latvia,2004,1,11
2004,2004-05,Zydrunas Ilgauskas,CLE,30,7-3,260,None,Lithuania,1996,1,20
2004,2004-05,Darius Songaila,SAC,27,6-8,240,Wake Forest,Lithuania,2002,2,49
2004,2004-05,Eduardo Najera,DEN,28,6-8,235,Oklahoma,Mexico,2000,2,38
2004,2004-05,Sasha Pavlovic,CLE,21,6-7,210,None,Montenegro,2003,1,19
2004,2004-05,Francisco Elson,DEN,29,7-0,235,California,Netherlands,1999,2,41
2004,2004-05,Dan Gadzuric,MIL,27,6-11,240,UCLA,Netherlands,2002,2,33
2004,2004-05,Sean Marks,SAS,29,6-10,250,California,New Zealand,1998,2,44
2004,2004-05,Obinna Ekezie,ATL,29,6-9,270,Maryland,Nigeria,1999,2,37
2004,2004-05,Michael Olowokandi,MIN,30,7-0,270,Pacific,Nigeria,1998,1,1
2004,2004-05,Maciej Lampe,NOH,20,6-11,275,None,Poland,2003,2,30
2004,2004-05,Carlos Arroyo,DET,25,6-2,202,Florida International,Puerto Rico,Undrafted,Undrafted,Undrafted
2004,2004-05,Daniel Santiago,MIL,29,7-1,256,St. Vincent,Puerto Rico,Undrafted,Undrafted,Undrafted
2004,2004-05,Peter John Ramos,WAS,20,7-3,275,None,Puerto Rico,2004,2,32
2004,2004-05,Pavel Podkolzin,DAL,20,7-5,260,None,Russia,2004,1,21
2004,2004-05,Viktor Khryapa,POR,22,6-9,210,None,Russia,2004,1,22
2004,2004-05,Andrei Kirilenko,UTA,24,6-9,205,None,Russia,1999,1,24
2004,2004-05,DeSagana Diop,CLE,23,7-0,280,None,Senegal,2001,1,8
2004,2004-05,Mamadou N'diaye,LAC,30,7-0,255,Auburn,Senegal,2000,1,26
2004,2004-05,Pape Sow,TOR,23,6-10,250,California State-Fullerton,Senegal,2004,2,47
2004,2004-05,Predrag Drobnjak,ATL,29,6-11,270,None,Serbia,1997,2,48
2004,2004-05,Darko Milicic,DET,20,7-0,245,None,Serbia,2003,1,2
2004,2004-05,Zarko Cabarkapa,GSW,24,6-11,225,None,Serbia,2003,1,17
2004,2004-05,Marko Jaric,LAC,26,6-7,217,None,Serbia,2000,2,30
2004,2004-05,Zeljko Rebraca,LAC,33,7-0,265,None,Serbia,1994,2,54
2004,2004-05,Vlade Divac,LAL,37,7-1,260,None,Serbia,1989,1,26
2004,2004-05,Nenad Krstic,NJN,21,7-0,240,None,Serbia,2002,1,24
2004,2004-05,Peja Stojakovic,SAC,28,6-10,229,None,Serbia,1996,1,14
2004,2004-05,Vladimir Radmanovic,SEA,24,6-10,234,None,Serbia,2001,1,12
2004,2004-05,Primoz Brezec,CHA,25,7-1,252,None,Slovenia,2000,1,27
2004,2004-05,Sasha Vujacic,LAL,21,6-7,193,None,Slovenia,2004,1,27
2004,2004-05,Bostjan Nachbar,NOH,24,6-9,221,None,Slovenia,2002,1,15
2004,2004-05,Beno Udrih,SAS,22,6-3,200,None,Slovenia,2004,1,28
2004,2004-05,Rasho Nesterovic,SAS,29,7-0,255,None,Slovenia,1998,1,17
2004,2004-05,Ha Ha,POR,19,7-3,305,None,South Korea,2004,2,46
2004,2004-05,Pau Gasol,MEM,24,7-0,240,None,Spain,2001,1,3
2004,2004-05,Raul Lopez,UTA,25,6-0,175,None,Spain,2001,1,24
2004,2004-05,Adonal Foyle,GSW,30,6-10,270,Colgate,St. Vincent & Grenadines,1997,1,8
2004,2004-05,Hedo Turkoglu,ORL,26,6-10,220,None,Turkey,2000,1,16
2004,2004-05,Ibrahim Kutluay,SEA,31,6-6,200,None,Turkey,Undrafted,Undrafted,Undrafted
2004,2004-05,Mehmet Okur,UTA,26,6-11,249,None,Turkey,2001,2,37
2004,2004-05,Slava Medvedenko,LAL,26,6-10,250,None,Ukraine,Undrafted,Undrafted,Undrafted
2004,2004-05,Vitaly Potapenko,SEA,30,6-10,285,Wright State,Ukraine,1996,1,12
2004,2004-05,Luol Deng,CHI,20,6-8,220,Duke,United Kingdom,2004,1,7
2004,2004-05,Tim Duncan,SAS,29,6-11,260,Wake Forest,US Virgin Islands,1997,1,1
2004,2004-05,Raja Bell,UTA,28,6-5,210,Florida International,US Virgin Islands,Undrafted,Undrafted,Undrafted
2003,2003-04,Manu Ginobili,SAS,26,6-6,210,None,Argentina,1999,2,57
2003,2003-04,Shane Heal,SAS,33,6-0,180,None,Australia,Undrafted,Undrafted,Undrafted
2003,2003-04,Milt Palacio,TOR,26,6-3,195,Colorado State,Belize,Undrafted,Undrafted,Undrafted
2003,2003-04,Nene,DEN,21,6-11,260,None,Brazil,2002,1,7
2003,2003-04,Leandro Barbosa,PHX,21,6-3,176,None,Brazil,2003,1,28
2003,2003-04,Alex Garcia,SAS,24,6-3,195,None,Brazil,Undrafted,Undrafted,Undrafted
2003,2003-04,Steve Nash,DAL,30,6-3,195,Santa Clara,Canada,1996,1,15
2003,2003-04,Rick Fox,LAL,34,6-7,235,North Carolina,Canada,1991,1,24
2003,2003-04,Jamaal Magloire,NOH,26,6-11,259,Kentucky,Canada,2000,1,19
2003,2003-04,Yao Ming,HOU,23,7-6,310,None,China,2002,1,1
2003,2003-04,Wang Zhi-zhi,MIA,26,7-1,284,None,China,1999,2,36
2003,2003-04,Mengke Bateer,TOR,28,6-11,290,None,China,Undrafted,Undrafted,Undrafted
2003,2003-04,Dikembe Mutombo,NYK,38,7-2,265,Georgetown,Congo,1991,1,4
2003,2003-04,Toni Kukoc,MIL,35,6-11,235,None,Croatia,1990,2,29
2003,2003-04,Zoran Planinic,NJN,21,6-7,195,None,Croatia,2003,1,22
2003,2003-04,Bruno Sundov,NYK,24,7-2,246,None,Croatia,1998,2,35
2003,2003-04,Gordan Giricek,UTA,27,6-5,210,None,Croatia,1999,2,40
2003,2003-04,Jiri Welsch,BOS,24,6-7,208,None,Czech Republic,2002,1,16
2003,2003-04,Boris Diaw,ATL,22,6-8,215,None,France,2003,1,21
2003,2003-04,Mickael Pietrus,GSW,22,6-6,210,None,France,2003,1,11
2003,2003-04,Tony Parker,SAS,22,6-2,180,None,France,2001,1,28
2003,2003-04,Jerome Moiso,TOR,26,6-10,235,UCLA,France,2000,1,11
2003,2003-04,Nikoloz Tskitishvili,DEN,21,7-0,225,None,Georgia,2002,1,5
2003,2003-04,Zaza Pachulia,ORL,20,6-11,240,None,Georgia,2003,2,42
2003,2003-04,Vladimir Stepania,POR,28,7-1,255,None,Georgia,1998,1,27
2003,2003-04,Dirk Nowitzki,DAL,26,7-0,245,None,Germany,1998,1,9
2003,2003-04,Jake Tsakalidis,MEM,25,7-2,290,None,Greece,2000,1,25
2003,2003-04,Olden Polynice,LAC,39,6-10,250,Virginia,Haiti,1987,1,8
2003,2003-04,Samuel Dalembert,PHI,24,6-11,250,Seton Hall,Haiti,2001,1,26
2003,2003-04,Zydrunas Ilgauskas,CLE,29,7-3,260,None,Lithuania,1996,1,20
2003,2003-04,Darius Songaila,SAC,26,6-9,248,Wake Forest,Lithuania,2002,2,49
2003,2003-04,Eduardo Najera,DAL,27,6-8,235,Oklahoma,Mexico,2000,2,38
2003,2003-04,Slavko Vranes,POR,21,7-5,275,None,Montenegro,2003,2,39
2003,2003-04,Sasha Pavlovic,UTA,20,6-7,210,None,Montenegro,2003,1,19
2003,2003-04,Francisco Elson,DEN,28,7-0,235,California,Netherlands,1999,2,41
2003,2003-04,Dan Gadzuric,MIL,26,6-11,240,UCLA,Netherlands,2002,2,33
2003,2003-04,Michael Olowokandi,MIN,29,7-0,270,Pacific,Nigeria,1998,1,1
2003,2003-04,Cezary Trybanski,NYK,24,7-2,240,None,Poland,Undrafted,Undrafted,Undrafted
2003,2003-04,Maciej Lampe,PHX,19,6-11,240,None,Poland,2003,2,30
2003,2003-04,Daniel Santiago,MIL,28,7-1,260,St. Vincent,Puerto Rico,Undrafted,Undrafted,Undrafted
2003,2003-04,Carlos Arroyo,UTA,24,6-2,202,Florida International,Puerto Rico,Undrafted,Undrafted,Undrafted
2003,2003-04,Andrei Kirilenko,UTA,23,6-9,225,None,Russia,1999,1,24
2003,2003-04,Robert Archibald,TOR,24,6-11,250,Illinois,Scotland,2002,2,31
2003,2003-04,Mamadou N'diaye,ATL,29,7-0,255,Auburn,Senegal,2000,1,26
2003,2003-04,DeSagana Diop,CLE,22,7-0,300,None,Senegal,2001,1,8
2003,2003-04,Zeljko Rebraca,ATL,32,7-0,257,None,Serbia,1994,2,54
2003,2003-04,Darko Milicic,DET,19,7-0,245,None,Serbia,2003,1,2
2003,2003-04,Marko Jaric,LAC,25,6-5,217,None,Serbia,2000,2,30
2003,2003-04,Predrag Drobnjak,LAC,28,6-11,272,None,Serbia,1997,2,48
2003,2003-04,Zarko Cabarkapa,PHX,23,6-11,235,None,Serbia,2003,1,17
2003,2003-04,Peja Stojakovic,SAC,27,6-10,229,None,Serbia,1996,1,14
2003,2003-04,Vlade Divac,SAC,36,7-1,260,None,Serbia,1989,1,26
2003,2003-04,Vladimir Radmanovic,SEA,23,6-10,234,None,Serbia,2001,1,12
2003,2003-04,Bostjan Nachbar,HOU,23,6-9,221,None,Slovenia,2002,1,15
2003,2003-04,Primoz Brezec,IND,24,7-1,252,None,Slovenia,2000,1,27
2003,2003-04,Rasho Nesterovic,SAS,28,7-0,248,None,Slovenia,1998,1,17
2003,2003-04,Pau Gasol,MEM,23,7-0,240,None,Spain,2001,1,3
2003,2003-04,Raul Lopez,UTA,24,6-0,160,None,Spain,2001,1,24
2003,2003-04,Adonal Foyle,GSW,29,6-10,265,Colgate,St. Vincent & Grenadines,1997,1,8
2003,2003-04,Mehmet Okur,DET,25,6-11,249,None,Turkey,2001,2,37
2003,2003-04,Hedo Turkoglu,SAS,25,6-10,220,None,Turkey,2000,1,16
2003,2003-04,Slava Medvedenko,LAL,25,6-10,250,None,Ukraine,Undrafted,Undrafted,Undrafted
2003,2003-04,Vitaly Potapenko,SEA,29,6-10,285,Wright State,Ukraine,1996,1,12
2003,2003-04,Tim Duncan,SAS,28,7-0,260,Wake Forest,US Virgin Islands,1997,1,1
2003,2003-04,Raja Bell,UTA,27,6-5,210,Florida International,US Virgin Islands,Undrafted,Undrafted,Undrafted
2002,2002-03,Ruben Wolkowyski,BOS,29,6-10,275,None,Argentina,Undrafted,Undrafted,Undrafted
2002,2002-03,Pepe Sanchez,DET,26,6-4,195,Temple,Argentina,Undrafted,Undrafted,Undrafted
2002,2002-03,Manu Ginobili,SAS,25,6-6,210,None,Argentina,1999,2,57
2002,2002-03,Milt Palacio,CLE,25,6-3,195,Colorado State,Belize,Undrafted,Undrafted,Undrafted
2002,2002-03,Nene,DEN,20,6-11,260,None,Brazil,2002,1,7
2002,2002-03,Steve Nash,DAL,29,6-3,195,Santa Clara,Canada,1996,1,15
2002,2002-03,Rick Fox,LAL,33,6-7,235,North Carolina,Canada,1991,1,24
2002,2002-03,Jamaal Magloire,NOH,25,6-11,259,Kentucky,Canada,2000,1,19
2002,2002-03,Todd MacCulloch,PHI,27,7-0,255,Washington,Canada,1999,2,47
2002,2002-03,Yao Ming,HOU,22,7-5,296,None,China,2002,1,1
2002,2002-03,Wang Zhi-zhi,LAC,25,7-1,275,None,China,1999,2,36
2002,2002-03,Mengke Bateer,SAS,27,6-11,290,None,China,Undrafted,Undrafted,Undrafted
2002,2002-03,Dikembe Mutombo,NJN,37,7-2,265,Georgetown,Congo,1991,1,4
2002,2002-03,Bruno Sundov,BOS,23,7-2,246,None,Croatia,1998,2,35
2002,2002-03,Dalibor Bagaric,CHI,22,7-1,290,None,Croatia,2000,1,24
2002,2002-03,Toni Kukoc,MIL,34,6-11,235,None,Croatia,1990,2,29
2002,2002-03,Gordan Giricek,ORL,26,6-6,216,None,Croatia,1999,2,40
2002,2002-03,Jiri Welsch,GSW,23,6-7,208,None,Czech Republic,2002,1,16
2002,2002-03,Antoine Rigaudeau,DAL,31,6-7,210,None,France,Undrafted,Undrafted,Undrafted
2002,2002-03,Tariq Abdul-Wahad,DAL,28,6-6,225,San Jose State,France,1997,1,11
2002,2002-03,Jerome Moiso,NOH,25,6-10,232,UCLA,France,2000,1,11
2002,2002-03,Tony Parker,SAS,21,6-2,180,None,France,2001,1,28
2002,2002-03,Nikoloz Tskitishvili,DEN,20,7-0,225,None,Georgia,2002,1,5
2002,2002-03,Vladimir Stepania,MIA,27,7-1,255,None,Georgia,1998,1,27
2002,2002-03,Dirk Nowitzki,DAL,25,7-0,245,None,Germany,1998,1,9
2002,2002-03,Efthimios Rentzias,PHI,27,6-11,250,None,Greece,1996,1,23
2002,2002-03,Jake Tsakalidis,PHX,24,7-2,290,None,Greece,2000,1,25
2002,2002-03,Pat Burke,ORL,29,6-11,250,Auburn,Ireland,Undrafted,Undrafted,Undrafted
2002,2002-03,Zydrunas Ilgauskas,CLE,28,7-3,260,None,Lithuania,1996,1,20
2002,2002-03,Arvydas Sabonis,POR,38,7-3,292,None,Lithuania,1986,1,24
2002,2002-03,Soumaila Samake,LAL,25,6-10,240,None,Mali,2000,2,36
2002,2002-03,Eduardo Najera,DAL,26,6-8,235,Oklahoma,Mexico,2000,2,38
2002,2002-03,Dan Gadzuric,MIL,25,6-11,240,UCLA,Netherlands,2002,2,33
2002,2002-03,Sean Marks,MIA,27,6-10,250,California,New Zealand,1998,2,44
2002,2002-03,Michael Olowokandi,LAC,28,7-0,270,Pacific,Nigeria,1998,1,1
2002,2002-03,Olumide Oyedeji,ORL,22,6-10,240,None,Nigeria,2000,2,42
2002,2002-03,Cezary Trybanski,MEM,23,7-2,240,None,Poland,Undrafted,Undrafted,Undrafted
2002,2002-03,Carlos Arroyo,UTA,23,6-2,202,Florida International,Puerto Rico,Undrafted,Undrafted,Undrafted
2002,2002-03,Andrei Kirilenko,UTA,22,6-9,225,None,Russia,1999,1,24
2002,2002-03,Robert Archibald,MEM,23,6-11,250,Illinois,Scotland,2002,2,31
2002,2002-03,DeSagana Diop,CLE,21,7-0,300,None,Senegal,2001,1,8
2002,2002-03,Mamadou N'diaye,TOR,28,7-0,255,Auburn,Senegal,2000,1,26
2002,2002-03,Predrag Savovic,DEN,27,6-6,225,Hawaii,Serbia,Undrafted,Undrafted,Undrafted
2002,2002-03,Zeljko Rebraca,DET,31,7-0,257,None,Serbia,1994,2,54
2002,2002-03,Marko Jaric,LAC,24,6-7,198,None,Serbia,2000,2,30
2002,2002-03,Igor Rakocevic,MIN,25,6-2,184,None,Serbia,2000,2,51
2002,2002-03,Peja Stojakovic,SAC,26,6-10,229,None,Serbia,1996,1,14
2002,2002-03,Vlade Divac,SAC,35,7-1,260,None,Serbia,1989,1,26
2002,2002-03,Predrag Drobnjak,SEA,27,6-11,272,None,Serbia,1997,2,48
2002,2002-03,Vladimir Radmanovic,SEA,22,6-10,234,None,Serbia,2001,1,12
2002,2002-03,Bostjan Nachbar,HOU,22,6-9,221,None,Slovenia,2002,1,15
2002,2002-03,Primoz Brezec,IND,23,7-1,252,None,Slovenia,2000,1,27
2002,2002-03,Rasho Nesterovic,MIN,27,7-0,248,None,Slovenia,1998,1,17
2002,2002-03,Pau Gasol,MEM,22,7-0,227,None,Spain,2001,1,3
2002,2002-03,Adonal Foyle,GSW,28,6-10,265,Colgate,St. Vincent & Grenadines,1997,1,8
2002,2002-03,Mehmet Okur,DET,24,6-11,249,None,Turkey,2001,2,37
2002,2002-03,Hedo Turkoglu,SAC,24,6-10,220,None,Turkey,2000,1,16
2002,2002-03,Slava Medvedenko,LAL,24,6-10,255,None,Ukraine,Undrafted,Undrafted,Undrafted
2002,2002-03,Vitaly Potapenko,SEA,28,6-10,285,Wright State,Ukraine,1996,1,12
2002,2002-03,John Amaechi,UTA,32,6-10,270,Penn State,United Kingdom,Undrafted,Undrafted,Undrafted
2002,2002-03,Raja Bell,DAL,26,6-5,205,Florida International,US Virgin Islands,Undrafted,Undrafted,Undrafted
2002,2002-03,Tim Duncan,SAS,27,7-0,260,Wake Forest,US Virgin Islands,1997,1,1
2002,2002-03,Oscar Torres,GSW,26,,,None,Venezuela,Undrafted,Undrafted,Undrafted
2001,2001-02,Milt Palacio,PHX,24,6-3,195,Colorado State,Belize,Undrafted,Undrafted,Undrafted
2001,2001-02,Ratko Varda,DET,23,,,None,Bosnia and Herzegovina,Undrafted,Undrafted,Undrafted
2001,2001-02,Jamaal Magloire,CHH,24,6-11,259,Kentucky,Canada,2000,1,19
2001,2001-02,Steve Nash,DAL,28,6-3,195,Santa Clara,Canada,1996,1,15
2001,2001-02,Rick Fox,LAL,32,6-7,242,North Carolina,Canada,1991,1,24
2001,2001-02,Todd MacCulloch,NJN,26,7-0,280,Washington,Canada,1999,2,47
2001,2001-02,Wang Zhi-zhi,DAL,24,7-1,220,None,China,1999,2,36
2001,2001-02,Mengke Bateer,DEN,26,6-11,290,None,China,Undrafted,Undrafted,Undrafted
2001,2001-02,Dikembe Mutombo,PHI,36,7-2,265,Georgetown,Congo,1991,1,4
2001,2001-02,Toni Kukoc,ATL,33,6-11,235,None,Croatia,1990,2,29
2001,2001-02,Dalibor Bagaric,CHI,21,7-1,270,None,Croatia,2000,1,24
2001,2001-02,Bruno Sundov,IND,22,7-2,246,None,Croatia,1998,2,35
2001,2001-02,Felipe Lopez,MIN,27,6-5,195,St. John's (NY),Dominican Republic,1998,1,24
2001,2001-02,Hanno Mottola,ATL,25,6-11,247,Utah,Finland,2000,2,40
2001,2001-02,Jerome Moiso,CHH,24,6-10,232,UCLA,France,2000,1,11
2001,2001-02,Tariq Abdul-Wahad,DAL,27,6-6,223,San Jose State,France,1997,1,11
2001,2001-02,Tony Parker,SAS,20,6-2,177,None,France,2001,1,28
2001,2001-02,Vladimir Stepania,MIA,26,7-0,236,None,Georgia,1998,1,27
2001,2001-02,Dirk Nowitzki,DAL,24,7-0,245,None,Germany,1998,1,9
2001,2001-02,Antonis Fotsis,MEM,21,6-10,219,None,Greece,2001,2,47
2001,2001-02,Jake Tsakalidis,PHX,23,7-2,285,None,Greece,2000,1,25
2001,2001-02,Samuel Dalembert,PHI,22,6-11,250,Seton Hall,Haiti,2001,1,26
2001,2001-02,Patrick Ewing,ORL,39,7-0,255,Georgetown,Jamaica,1985,1,1
2001,2001-02,Zydrunas Ilgauskas,CLE,27,7-3,260,None,Lithuania,1996,1,20
2001,2001-02,Eduardo Najera,DAL,25,6-8,234,Oklahoma,Mexico,2000,2,38
2001,2001-02,Sean Marks,MIA,26,6-10,250,California,New Zealand,1998,2,44
2001,2001-02,Michael Olowokandi,LAC,27,7-0,270,Pacific,Nigeria,1998,1,1
2001,2001-02,Obinna Ekezie,LAC,26,6-9,270,Maryland,Nigeria,1999,2,37
2001,2001-02,Olumide Oyedeji,SEA,21,6-10,255,None,Nigeria,2000,2,42
2001,2001-02,Hakeem Olajuwon,TOR,39,7-0,255,Houston,Nigeria,1984,1,1
2001,2001-02,Carlos Arroyo,DEN,22,6-2,202,Florida International,Puerto Rico,Undrafted,Undrafted,Undrafted
2001,2001-02,Daniel Santiago,PHX,26,7-1,256,St. Vincent,Puerto Rico,Undrafted,Undrafted,Undrafted
2001,2001-02,Andrei Kirilenko,UTA,21,6-9,210,None,Russia,1999,1,24
2001,2001-02,DeSagana Diop,CLE,20,7-0,300,None,Senegal,2001,1,8
2001,2001-02,Mamadou N'diaye,TOR,27,7-0,255,Auburn,Senegal,2000,1,26
2001,2001-02,Zeljko Rebraca,DET,30,7-0,257,None,Serbia,1994,2,54
2001,2001-02,Peja Stojakovic,SAC,25,6-9,229,None,Serbia,1996,1,14
2001,2001-02,Vlade Divac,SAC,34,7-1,260,None,Serbia,1989,1,26
2001,2001-02,Predrag Drobnjak,SEA,26,6-11,272,None,Serbia,1997,2,48
2001,2001-02,Vladimir Radmanovic,SEA,21,6-10,234,None,Serbia,2001,1,12
2001,2001-02,Primoz Brezec,IND,22,7-1,243,None,Slovenia,2000,1,27
2001,2001-02,Rasho Nesterovic,MIN,26,7-0,248,None,Slovenia,1998,1,17
2001,2001-02,Pau Gasol,MEM,21,7-0,227,None,Spain,2001,1,3
2001,2001-02,Adonal Foyle,GSW,27,6-10,265,Colgate,St. Vincent & Grenadines,1997,1,8
2001,2001-02,Hedo Turkoglu,SAC,23,6-8,220,None,Turkey,2000,1,16
2001,2001-02,Vitaly Potapenko,BOS,27,6-10,285,Wright State,Ukraine,1996,1,12
2001,2001-02,Slava Medvedenko,LAL,23,6-10,250,None,Ukraine,Undrafted,Undrafted,Undrafted
2001,2001-02,John Amaechi,UTA,31,6-10,270,Penn State,United Kingdom,Undrafted,Undrafted,Undrafted
2001,2001-02,Raja Bell,PHI,25,6-5,204,Florida International,US Virgin Islands,Undrafted,Undrafted,Undrafted
2001,2001-02,Tim Duncan,SAS,26,7-0,260,Wake Forest,US Virgin Islands,1997,1,1
2001,2001-02,Oscar Torres,HOU,25,6-6,210,None,Venezuela,Undrafted,Undrafted,Undrafted
2000,2000-01,Pepe Sanchez,PHI,24,,,Temple,Argentina,Undrafted,Undrafted,Undrafted
2000,2000-01,Ruben Wolkowyski,SEA,27,6-10,270,None,Argentina,Undrafted,Undrafted,Undrafted
2000,2000-01,Luc Longley,NYK,32,,,New Mexico,Australia,1991,1,7
2000,2000-01,Milt Palacio,BOS,23,6-3,195,Colorado State,Belize,Undrafted,Undrafted,Undrafted
2000,2000-01,Jamaal Magloire,CHH,23,6-10,260,Kentucky,Canada,2000,1,19
2000,2000-01,Steve Nash,DAL,27,6-3,195,Santa Clara,Canada,1996,1,15
2000,2000-01,Rick Fox,LAL,31,6-7,242,North Carolina,Canada,1991,1,24
2000,2000-01,Todd MacCulloch,PHI,25,7-0,255,Washington,Canada,1999,2,47
2000,2000-01,Wang Zhi-zhi,DAL,23,7-1,220,None,China,1999,2,36
2000,2000-01,Dikembe Mutombo,PHI,35,7-2,265,Georgetown,Congo,1991,1,4
2000,2000-01,Toni Kukoc,ATL,32,6-11,235,None,Croatia,1990,2,29
2000,2000-01,Dalibor Bagaric,CHI,20,7-1,277,None,Croatia,2000,1,24
2000,2000-01,Bruno Sundov,IND,21,7-2,239,None,Croatia,1998,2,35
2000,2000-01,Zan Tabak,IND,31,7-0,257,None,Croatia,1991,2,51
2000,2000-01,Felipe Lopez,MIN,26,6-5,195,St. John's (NY),Dominican Republic,1998,1,24
2000,2000-01,Hanno Mottola,ATL,24,6-11,247,Utah,Finland,2000,2,40
2000,2000-01,Jerome Moiso,BOS,23,6-10,232,UCLA,France,2000,1,11
2000,2000-01,Tariq Abdul-Wahad,DEN,26,6-6,223,San Jose State,France,1997,1,11
2000,2000-01,Vladimir Stepania,NJN,25,7-0,236,None,Georgia,1998,1,27
2000,2000-01,Dirk Nowitzki,DAL,23,6-11,237,None,Germany,1998,1,9
2000,2000-01,Detlef Schrempf,POR,38,6-10,235,Washington,Germany,1985,1,8
2000,2000-01,Jake Tsakalidis,PHX,22,7-2,285,None,Greece,2000,1,25
2000,2000-01,Olden Polynice,UTA,36,7-0,250,Virginia,Haiti,1987,1,8
2000,2000-01,Patrick Ewing,SEA,38,7-0,255,Georgetown,Jamaica,1985,1,1
2000,2000-01,Zydrunas Ilgauskas,CLE,26,7-3,260,None,Lithuania,1996,1,20
2000,2000-01,Arvydas Sabonis,POR,36,7-3,292,None,Lithuania,1986,1,24
2000,2000-01,Soumaila Samake,NJN,23,7-0,224,None,Mali,2000,2,36
2000,2000-01,Eduardo Najera,DAL,24,6-8,234,Oklahoma,Mexico,2000,2,38
2000,2000-01,Obinna Ekezie,DAL,25,6-9,260,Maryland,Nigeria,1999,2,37
2000,2000-01,Hakeem Olajuwon,HOU,38,7-0,255,Houston,Nigeria,1984,1,1
2000,2000-01,Michael Olowokandi,LAC,26,7-0,291,Pacific,Nigeria,1998,1,1
2000,2000-01,Olumide Oyedeji,SEA,20,6-10,240,None,Nigeria,2000,2,42
2000,2000-01,Daniel Santiago,PHX,25,7-1,256,St. Vincent,Puerto Rico,Undrafted,Undrafted,Undrafted
2000,2000-01,Mamadou N'diaye,TOR,26,7-0,255,Auburn,Senegal,2000,1,26
2000,2000-01,Dragan Tarlac,CHI,28,6-11,270,None,Serbia,1995,2,31
2000,2000-01,Peja Stojakovic,SAC,24,6-9,229,None,Serbia,1996,1,14
2000,2000-01,Vlade Divac,SAC,33,7-1,260,None,Serbia,1989,1,26
2000,2000-01,Rasho Nesterovic,MIN,25,7-0,250,None,Slovenia,1998,1,17
2000,2000-01,Adonal Foyle,GSW,26,6-10,250,Colgate,St. Vincent & Grenadines,1997,1,8
2000,2000-01,Hedo Turkoglu,SAC,22,6-8,220,None,Turkey,2000,1,16
2000,2000-01,Vitaly Potapenko,BOS,26,6-10,285,Wright State,Ukraine,1996,1,12
2000,2000-01,Slava Medvedenko,LAL,22,6-10,250,None,Ukraine,Undrafted,Undrafted,Undrafted
2000,2000-01,John Amaechi,ORL,30,6-10,270,Penn State,United Kingdom,Undrafted,Undrafted,Undrafted
2000,2000-01,Raja Bell,PHI,24,6-5,204,Florida International,US Virgin Islands,Undrafted,Undrafted,Undrafted
2000,2000-01,Tim Duncan,SAS,25,7-0,260,Wake Forest,US Virgin Islands,1997,1,1
1999,1999-00,Chris Anstey,CHI,25,7-0,249,None,Australia,1997,1,18
1999,1999-00,Luc Longley,PHX,31,7-2,260,New Mexico,Australia,1991,1,7
1999,1999-00,Milt Palacio,VAN,22,6-3,195,Colorado State,Belize,Undrafted,Undrafted,Undrafted
1999,1999-00,Aleksandar Radojevic,TOR,23,7-3,245,None,Bosnia and Herzegovina,1999,1,12
1999,1999-00,Steve Nash,DAL,26,6-3,195,Santa Clara,Canada,1996,1,15
1999,1999-00,Rick Fox,LAL,30,6-7,242,North Carolina,Canada,1991,1,24
1999,1999-00,Todd MacCulloch,PHI,24,7-0,280,Washington,Canada,1999,2,47
1999,1999-00,Bill Wennington,SAC,37,7-0,245,St. John's (NY),Canada,1985,1,16
1999,1999-00,Dikembe Mutombo,ATL,34,7-2,261,Georgetown,Congo,1991,1,4
1999,1999-00,Bruno Sundov,DAL,20,7-2,220,None,Croatia,1998,2,35
1999,1999-00,Zan Tabak,IND,30,7-0,245,None,Croatia,1991,2,51
1999,1999-00,Toni Kukoc,PHI,31,6-11,235,None,Croatia,1990,2,29
1999,1999-00,Lazaro Borrell,SEA,27,6-8,220,None,Cuba,Undrafted,Undrafted,Undrafted
1999,1999-00,Felipe Lopez,VAN,25,6-6,195,St. John's (NY),Dominican Republic,1998,1,24
1999,1999-00,Tariq Abdul-Wahad,DEN,25,6-6,223,San Jose State,France,1997,1,11
1999,1999-00,Vladimir Stepania,SEA,24,7-0,236,None,Georgia,1998,1,27
1999,1999-00,Dirk Nowitzki,DAL,22,7-0,237,None,Germany,1998,1,9
1999,1999-00,Detlef Schrempf,POR,37,6-10,235,Washington,Germany,1985,1,8
1999,1999-00,Olden Polynice,UTA,35,7-0,250,Virginia,Haiti,1987,1,8
1999,1999-00,Patrick Ewing,NYK,37,7-0,255,Georgetown,Jamaica,1985,1,1
1999,1999-00,Arvydas Sabonis,POR,35,7-3,292,None,Lithuania,1986,1,24
1999,1999-00,Rik Smits,IND,33,7-4,265,Marist,Netherlands,1988,1,2
1999,1999-00,Sean Marks,TOR,24,6-10,250,California,New Zealand,1998,2,44
1999,1999-00,Hakeem Olajuwon,HOU,37,7-0,255,Houston,Nigeria,1984,1,1
1999,1999-00,Michael Olowokandi,LAC,25,7-0,269,Pacific,Nigeria,1998,1,1
1999,1999-00,Obinna Ekezie,VAN,24,6-9,270,Maryland,Nigeria,1999,2,37
1999,1999-00,Gheorghe Muresan,NJN,29,7-7,303,None,Romania,1993,2,30
1999,1999-00,Peja Stojakovic,SAC,23,6-9,229,None,Serbia,1996,1,14
1999,1999-00,Vlade Divac,SAC,32,7-1,260,None,Serbia,1989,1,26
1999,1999-00,Rasho Nesterovic,MIN,24,7-0,248,None,Slovenia,1998,1,17
1999,1999-00,Adonal Foyle,GSW,25,6-10,250,Colgate,St. Vincent & Grenadines,1997,1,8
1999,1999-00,Mirsad Turkcan,MIL,24,6-9,216,None,Turkey,1998,1,18
1999,1999-00,Vitaly Potapenko,BOS,25,6-10,280,Wright State,Ukraine,1996,1,12
1999,1999-00,John Amaechi,ORL,29,6-10,270,Penn State,United Kingdom,Undrafted,Undrafted,Undrafted
1999,1999-00,Tim Duncan,SAS,24,7-0,260,Wake Forest,US Virgin Islands,1997,1,1
1998,1998-99,Chris Anstey,DAL,24,7-0,249,None,Australia,1997,1,18
1998,1998-99,Luc Longley,PHX,30,7-2,260,New Mexico,Australia,1991,1,7
1998,1998-99,Bill Wennington,CHI,36,7-0,277,St. John's (NY),Canada,1985,1,16
1998,1998-99,Steve Nash,DAL,25,6-3,195,Santa Clara,Canada,1996,1,15
1998,1998-99,Rick Fox,LAL,29,6-7,242,North Carolina,Canada,1991,1,24
1998,1998-99,Dikembe Mutombo,ATL,33,7-2,261,Georgetown,Congo,1991,1,4
1998,1998-99,Toni Kukoc,CHI,30,6-11,232,None,Croatia,1990,2,29
1998,1998-99,Bruno Sundov,DAL,19,7-2,220,None,Croatia,1998,2,35
1998,1998-99,Stojko Vrankovic,LAC,35,7-2,260,None,Croatia,Undrafted,Undrafted,Undrafted
1998,1998-99,Felipe Lopez,VAN,24,6-6,195,St. John's (NY),Dominican Republic,1998,1,24
1998,1998-99,Tariq Abdul-Wahad,SAC,24,6-6,223,San Jose State,France,1997,1,11
1998,1998-99,Vladimir Stepania,SEA,23,7-0,236,None,Georgia,1998,1,27
1998,1998-99,Dirk Nowitzki,DAL,21,7-0,237,None,Germany,1998,1,9
1998,1998-99,Detlef Schrempf,SEA,36,6-10,235,Washington,Germany,1985,1,8
1998,1998-99,Olden Polynice,SEA,34,7-0,250,Virginia,Haiti,1987,1,8
1998,1998-99,Patrick Ewing,NYK,36,7-0,255,Georgetown,Jamaica,1985,1,1
1998,1998-99,Rony Seikaly,NJN,34,6-11,253,Syracuse,Lebanon,1988,1,9
1998,1998-99,Zydrunas Ilgauskas,CLE,24,7-3,260,None,Lithuania,1996,1,20
1998,1998-99,Arvydas Sabonis,POR,34,7-3,292,None,Lithuania,1986,1,24
1998,1998-99,Rik Smits,IND,32,7-4,265,Marist,Netherlands,1988,1,2
1998,1998-99,Sean Marks,TOR,23,6-10,250,California,New Zealand,1998,2,44
1998,1998-99,Hakeem Olajuwon,HOU,36,7-0,255,Houston,Nigeria,1984,1,1
1998,1998-99,Michael Olowokandi,LAC,24,7-0,269,Pacific,Nigeria,1998,1,1
1998,1998-99,Gheorghe Muresan,NJN,28,7-7,303,None,Romania,1993,2,30
1998,1998-99,Makhtar N'diaye,VAN,25,6-8,245,North Carolina,Senegal,Undrafted,Undrafted,Undrafted
1998,1998-99,Peja Stojakovic,SAC,22,6-9,229,None,Serbia,1996,1,14
1998,1998-99,Vlade Divac,SAC,31,7-1,260,None,Serbia,1989,1,26
1998,1998-99,Rasho Nesterovic,MIN,23,7-0,248,None,Slovenia,1998,1,17
1998,1998-99,Marko Milic,PHX,22,6-6,235,None,Slovenia,1997,2,33
1998,1998-99,Adonal Foyle,GSW,24,6-10,250,Colgate,St. Vincent & Grenadines,1997,1,8
1998,1998-99,Vitaly Potapenko,BOS,24,6-10,280,Wright State,Ukraine,1996,1,12
1998,1998-99,Tim Duncan,SAS,23,7-0,248,Wake Forest,US Virgin Islands,1997,1,1
1998,1998-99,Carl Herrera,DEN,32,6-9,225,Houston,Venezuela,1990,2,30
1997,1997-98,Luc Longley,CHI,29,7-2,292,New Mexico,Australia,1991,1,7
1997,1997-98,Chris Anstey,DAL,23,7-0,249,None,Australia,1997,1,18
1997,1997-98,Bill Wennington,CHI,35,7-0,277,St. John's (NY),Canada,1985,1,16
1997,1997-98,Rick Fox,LAL,28,6-7,242,North Carolina,Canada,1991,1,24
1997,1997-98,Steve Nash,PHX,24,6-3,195,Santa Clara,Canada,1996,1,15
1997,1997-98,Dikembe Mutombo,ATL,32,7-2,261,Georgetown,Congo,1991,1,4
1997,1997-98,Zan Tabak,BOS,28,7-0,245,None,Croatia,1991,2,51
1997,1997-98,Toni Kukoc,CHI,29,6-11,232,None,Croatia,1990,2,29
1997,1997-98,Stojko Vrankovic,LAC,34,7-2,260,None,Croatia,Undrafted,Undrafted,Undrafted
1997,1997-98,Martin Muursepp,DAL,23,6-9,235,None,Estonia,1996,1,25
1997,1997-98,Tariq Abdul-Wahad,SAC,23,6-6,223,San Jose State,France,1997,1,11
1997,1997-98,Detlef Schrempf,SEA,35,6-10,235,Washington,Germany,1985,1,8
1997,1997-98,Olden Polynice,SAC,33,7-0,250,Virginia,Haiti,1987,1,8
1997,1997-98,Patrick Ewing,NYK,35,7-0,255,Georgetown,Jamaica,1985,1,1
1997,1997-98,Rony Seikaly,NJN,33,6-11,253,Syracuse,Lebanon,1988,1,9
1997,1997-98,Zydrunas Ilgauskas,CLE,23,7-3,260,None,Lithuania,1996,1,20
1997,1997-98,Arvydas Sabonis,POR,33,7-3,292,None,Lithuania,1986,1,24
1997,1997-98,Horacio Llamas,PHX,24,6-11,285,Grand Canyon,Mexico,Undrafted,Undrafted,Undrafted
1997,1997-98,Rik Smits,IND,31,7-4,265,Marist,Netherlands,1988,1,2
1997,1997-98,Hakeem Olajuwon,HOU,35,7-0,255,Houston,Nigeria,1984,1,1
1997,1997-98,Vlade Divac,CHH,30,7-1,260,None,Serbia,1989,1,26
1997,1997-98,Marko Milic,PHX,21,6-6,235,None,Slovenia,1997,2,33
1997,1997-98,Adonal Foyle,GSW,23,6-10,250,Colgate,St. Vincent & Grenadines,1997,1,8
1997,1997-98,Vitaly Potapenko,CLE,23,6-10,280,Wright State,Ukraine,1996,1,12
1997,1997-98,Tim Duncan,SAS,22,7-0,248,Wake Forest,US Virgin Islands,1997,1,1
1997,1997-98,Carl Herrera,SAS,31,6-9,225,Houston,Venezuela,1990,2,30
1996,1996-97,Luc Longley,CHI,28,7-2,292,New Mexico,Australia,1991,1,7
1996,1996-97,Shane Heal,MIN,26,6-0,180,None,Australia,Undrafted,Undrafted,Undrafted
1996,1996-97,Mark Bradtke,PHI,28,6-10,265,None,Australia,Undrafted,Undrafted,Undrafted
1996,1996-97,Rick Fox,BOS,27,6-7,249,North Carolina,Canada,1991,1,24
1996,1996-97,Bill Wennington,CHI,34,7-0,245,St. John's (NY),Canada,1985,1,16
1996,1996-97,Steve Nash,PHX,23,6-3,195,Santa Clara,Canada,1996,1,15
1996,1996-97,Dikembe Mutombo,ATL,31,7-2,250,Georgetown,Congo,1991,1,4
1996,1996-97,Dino Radja,BOS,30,6-11,225,None,Croatia,1989,2,40
1996,1996-97,Toni Kukoc,CHI,28,6-11,232,None,Croatia,1990,2,29
1996,1996-97,Stojko Vrankovic,MIN,33,7-2,260,None,Croatia,Undrafted,Undrafted,Undrafted
1996,1996-97,Zan Tabak,TOR,27,7-0,245,None,Croatia,1991,2,51
1996,1996-97,Martin Muursepp,DAL,22,6-9,235,None,Estonia,1996,1,25
1996,1996-97,Detlef Schrempf,SEA,34,6-10,235,Washington,Germany,1985,1,8
1996,1996-97,Olden Polynice,SAC,32,7-0,250,Virginia,Haiti,1987,1,8
1996,1996-97,Patrick Ewing,NYK,34,7-0,240,Georgetown,Jamaica,1985,1,1
1996,1996-97,Rony Seikaly,ORL,32,6-11,253,Syracuse,Lebanon,1988,1,9
1996,1996-97,Sarunas Marciulionis,DEN,33,6-5,200,None,Lithuania,1987,6,127
1996,1996-97,Arvydas Sabonis,POR,32,7-3,292,None,Lithuania,1986,1,24
1996,1996-97,Horacio Llamas,PHX,23,6-11,285,Grand Canyon,Mexico,Undrafted,Undrafted,Undrafted
1996,1996-97,Rik Smits,IND,30,7-4,265,Marist,Netherlands,1988,1,2
1996,1996-97,Hakeem Olajuwon,HOU,34,7-0,255,Houston,Nigeria,1984,1,1
1996,1996-97,Gheorghe Muresan,WAS,26,7-7,303,None,Romania,1993,2,30
1996,1996-97,Vlade Divac,CHH,29,7-1,260,None,Serbia,1989,1,26
1996,1996-97,Sasha Danilovic,DAL,27,6-6,200,None,Serbia,1992,2,43
1996,1996-97,Aleksandar Djordjevic,POR,29,6-2,198,None,Serbia,Undrafted,Undrafted,Undrafted
1996,1996-97,Vitaly Potapenko,CLE,22,6-10,280,Wright State,Ukraine,1996,1,12
1996,1996-97,Carl Herrera,SAS,30,6-9,225,Houston,Venezuela,1990,2,30